Week,Product_Category,Weekly_Demand
2012-01-02,Category_001,2746.0
2012-01-02,Category_003,708.0
2012-01-02,Category_004,500.0
2012-01-02,Category_005,382765.0
2012-01-02,Category_006,1938958.0
2012-01-02,Category_007,687081.0
2012-01-02,Category_008,76.0
2012-01-02,Category_009,18521.0
2012-01-02,Category_010,58.0
2012-01-02,Category_011,4068.0
2012-01-02,Category_013,432.0
2012-01-02,Category_015,8653.0
2012-01-02,Category_017,10.0
2012-01-02,Category_018,209.0
2012-01-02,Category_019,14631930.0
2012-01-02,Category_020,1000.0
2012-01-02,Category_021,10507.0
2012-01-02,Category_022,4790.0
2012-01-02,Category_023,610.0
2012-01-02,Category_024,3503.0
2012-01-02,Category_026,302.0
2012-01-02,Category_028,107642.0
2012-01-02,Category_030,71000.0
2012-01-02,Category_031,25.0
2012-01-02,Category_032,8544.0
2012-01-02,Category_033,20000.0
2012-01-09,Category_001,4832.0
2012-01-09,Category_003,639.0
2012-01-09,Category_005,751385.0
2012-01-09,Category_006,1650801.0
2012-01-09,Category_007,324272.0
2012-01-09,Category_008,20.0
2012-01-09,Category_009,14310.0
2012-01-09,Category_010,4.0
2012-01-09,Category_011,4342.0
2012-01-09,Category_013,486.0
2012-01-09,Category_015,1951.0
2012-01-09,Category_017,1.0
2012-01-09,Category_018,113.0
2012-01-09,Category_019,13177201.0
2012-01-09,Category_020,5120.0
2012-01-09,Category_021,21029.0
2012-01-09,Category_023,2637.0
2012-01-09,Category_024,4365.0
2012-01-09,Category_026,894.0
2012-01-09,Category_028,120054.0
2012-01-09,Category_030,84700.0
2012-01-09,Category_031,39.0
2012-01-09,Category_032,12718.0
2012-01-09,Category_033,240000.0
2012-01-16,Category_001,5938.0
2012-01-16,Category_003,3447.0
2012-01-16,Category_005,851925.0
2012-01-16,Category_006,1291101.0
2012-01-16,Category_007,366952.0
2012-01-16,Category_009,5932.0
2012-01-16,Category_010,15.0
2012-01-16,Category_011,3964.0
2012-01-16,Category_013,940.0
2012-01-16,Category_015,1375.0
2012-01-16,Category_017,8.0
2012-01-16,Category_018,146.0
2012-01-16,Category_019,13448381.0
2012-01-16,Category_020,5507.0
2012-01-16,Category_021,13489.0
2012-01-16,Category_022,2197.0
2012-01-16,Category_023,4739.0
2012-01-16,Category_024,1868.0
2012-01-16,Category_026,941.0
2012-01-16,Category_028,125574.0
2012-01-16,Category_029,2.0
2012-01-16,Category_030,84600.0
2012-01-16,Category_031,252.0
2012-01-16,Category_032,2226.0
2012-01-16,Category_033,130000.0
2012-01-23,Category_001,5792.0
2012-01-23,Category_003,730.0
2012-01-23,Category_004,400.0
2012-01-23,Category_005,682245.0
2012-01-23,Category_006,1034368.0
2012-01-23,Category_007,255574.0
2012-01-23,Category_008,172.0
2012-01-23,Category_009,2640.0
2012-01-23,Category_010,4.0
2012-01-23,Category_011,5463.0
2012-01-23,Category_013,628.0
2012-01-23,Category_015,1521.0
2012-01-23,Category_017,300.0
2012-01-23,Category_018,94.0
2012-01-23,Category_019,10919325.0
2012-01-23,Category_020,1751.0
2012-01-23,Category_021,16501.0
2012-01-23,Category_022,475.0
2012-01-23,Category_023,727.0
2012-01-23,Category_024,1633.0
2012-01-23,Category_026,644.0
2012-01-23,Category_028,81200.0
2012-01-23,Category_029,30.0
2012-01-23,Category_030,44500.0
2012-01-23,Category_031,45.0
2012-01-23,Category_032,4800.0
2012-01-23,Category_033,200000.0
2012-01-30,Category_001,7255.0
2012-01-30,Category_003,2159.0
2012-01-30,Category_005,850900.0
2012-01-30,Category_006,1409166.0
2012-01-30,Category_007,1515641.0
2012-01-30,Category_008,44.0
2012-01-30,Category_009,12567.0
2012-01-30,Category_010,72.0
2012-01-30,Category_011,3840.0
2012-01-30,Category_013,1659.0
2012-01-30,Category_015,3030.0
2012-01-30,Category_018,427.0
2012-01-30,Category_019,17803601.0
2012-01-30,Category_020,10964.0
2012-01-30,Category_021,23323.0
2012-01-30,Category_022,2068.0
2012-01-30,Category_023,4510.0
2012-01-30,Category_024,2167.0
2012-01-30,Category_026,1320.0
2012-01-30,Category_028,104665.0
2012-01-30,Category_029,-66.0
2012-01-30,Category_030,405750.0
2012-01-30,Category_031,44.0
2012-01-30,Category_032,11648.0
2012-01-30,Category_033,90000.0
2012-02-06,Category_001,6546.0
2012-02-06,Category_003,612.0
2012-02-06,Category_005,659200.0
2012-02-06,Category_006,2225507.0
2012-02-06,Category_007,155087.0
2012-02-06,Category_008,14.0
2012-02-06,Category_009,14032.0
2012-02-06,Category_010,6.0
2012-02-06,Category_011,22803.0
2012-02-06,Category_013,911.0
2012-02-06,Category_015,35474.0
2012-02-06,Category_018,178.0
2012-02-06,Category_019,21475553.0
2012-02-06,Category_020,12516.0
2012-02-06,Category_021,26686.0
2012-02-06,Category_022,10802.0
2012-02-06,Category_023,4948.0
2012-02-06,Category_024,2291.0
2012-02-06,Category_025,9000.0
2012-02-06,Category_026,1795.0
2012-02-06,Category_028,124870.0
2012-02-06,Category_029,164.0
2012-02-06,Category_030,70300.0
2012-02-06,Category_031,32.0
2012-02-06,Category_032,4716.0
2012-02-06,Category_033,160000.0
2012-02-13,Category_001,3967.0
2012-02-13,Category_003,281.0
2012-02-13,Category_005,751825.0
2012-02-13,Category_006,1098225.0
2012-02-13,Category_007,851113.0
2012-02-13,Category_008,69.0
2012-02-13,Category_009,21017.0
2012-02-13,Category_010,11.0
2012-02-13,Category_011,9101.0
2012-02-13,Category_013,1713.0
2012-02-13,Category_015,1713.0
2012-02-13,Category_017,2.0
2012-02-13,Category_018,192.0
2012-02-13,Category_019,15243960.0
2012-02-13,Category_020,6970.0
2012-02-13,Category_021,15941.0
2012-02-13,Category_022,2315.0
2012-02-13,Category_023,12495.0
2012-02-13,Category_024,5877.0
2012-02-13,Category_026,1735.0
2012-02-13,Category_028,116427.0
2012-02-13,Category_029,20.0
2012-02-13,Category_030,185850.0
2012-02-13,Category_031,22.0
2012-02-13,Category_032,39286.0
2012-02-13,Category_033,370000.0
2012-02-20,Category_001,7432.0
2012-02-20,Category_003,2200.0
2012-02-20,Category_004,2860.0
2012-02-20,Category_005,750675.0
2012-02-20,Category_006,996618.0
2012-02-20,Category_007,162007.0
2012-02-20,Category_008,113.0
2012-02-20,Category_009,8497.0
2012-02-20,Category_011,7023.0
2012-02-20,Category_013,810.0
2012-02-20,Category_015,1623.0
2012-02-20,Category_017,105.0
2012-02-20,Category_018,161.0
2012-02-20,Category_019,16650742.0
2012-02-20,Category_020,5752.0
2012-02-20,Category_021,14379.0
2012-02-20,Category_022,2124.0
2012-02-20,Category_023,4221.0
2012-02-20,Category_024,5477.0
2012-02-20,Category_026,1246.0
2012-02-20,Category_028,109988.0
2012-02-20,Category_029,330.0
2012-02-20,Category_030,70600.0
2012-02-20,Category_031,75.0
2012-02-20,Category_032,37418.0
2012-02-20,Category_033,90000.0
2012-02-27,Category_001,7129.0
2012-02-27,Category_003,1508.0
2012-02-27,Category_004,600.0
2012-02-27,Category_005,869545.0
2012-02-27,Category_006,2364886.0
2012-02-27,Category_007,381981.0
2012-02-27,Category_008,1.0
2012-02-27,Category_009,19008.0
2012-02-27,Category_010,32.0
2012-02-27,Category_011,14248.0
2012-02-27,Category_013,742.0
2012-02-27,Category_015,3676.0
2012-02-27,Category_017,19.0
2012-02-27,Category_018,93.0
2012-02-27,Category_019,20366318.0
2012-02-27,Category_020,867.0
2012-02-27,Category_021,15448.0
2012-02-27,Category_022,964.0
2012-02-27,Category_023,10005.0
2012-02-27,Category_024,6523.0
2012-02-27,Category_026,982.0
2012-02-27,Category_028,107448.0
2012-02-27,Category_029,180.0
2012-02-27,Category_030,81350.0
2012-02-27,Category_031,59.0
2012-02-27,Category_032,29916.0
2012-02-27,Category_033,210000.0
2012-03-05,Category_001,7436.0
2012-03-05,Category_003,1229.0
2012-03-05,Category_004,1880.0
2012-03-05,Category_005,849565.0
2012-03-05,Category_006,1559106.0
2012-03-05,Category_007,358788.0
2012-03-05,Category_008,18.0
2012-03-05,Category_009,13071.0
2012-03-05,Category_010,85.0
2012-03-05,Category_011,17166.0
2012-03-05,Category_013,1113.0
2012-03-05,Category_015,2447.0
2012-03-05,Category_017,5.0
2012-03-05,Category_018,143.0
2012-03-05,Category_019,18650783.0
2012-03-05,Category_020,17451.0
2012-03-05,Category_021,34762.0
2012-03-05,Category_022,4190.0
2012-03-05,Category_023,2777.0
2012-03-05,Category_024,8555.0
2012-03-05,Category_025,3000.0
2012-03-05,Category_026,1099.0
2012-03-05,Category_028,206445.0
2012-03-05,Category_029,210.0
2012-03-05,Category_030,81850.0
2012-03-05,Category_031,86.0
2012-03-05,Category_032,1338.0
2012-03-05,Category_033,140000.0
2012-03-12,Category_001,4384.0
2012-03-12,Category_003,1334.0
2012-03-12,Category_005,698975.0
2012-03-12,Category_006,1368316.0
2012-03-12,Category_007,458635.0
2012-03-12,Category_008,6.0
2012-03-12,Category_009,12690.0
2012-03-12,Category_010,3.0
2012-03-12,Category_011,7211.0
2012-03-12,Category_013,495.0
2012-03-12,Category_015,1336.0
2012-03-12,Category_017,1.0
2012-03-12,Category_018,146.0
2012-03-12,Category_019,12367161.0
2012-03-12,Category_020,7166.0
2012-03-12,Category_021,25478.0
2012-03-12,Category_022,6308.0
2012-03-12,Category_023,4240.0
2012-03-12,Category_024,4978.0
2012-03-12,Category_026,775.0
2012-03-12,Category_028,128032.0
2012-03-12,Category_029,83.0
2012-03-12,Category_030,244800.0
2012-03-12,Category_031,91.0
2012-03-12,Category_032,11790.0
2012-03-12,Category_033,120000.0
2012-03-19,Category_001,4061.0
2012-03-19,Category_003,2923.0
2012-03-19,Category_005,575250.0
2012-03-19,Category_006,787428.0
2012-03-19,Category_007,290821.0
2012-03-19,Category_008,65.0
2012-03-19,Category_009,14073.0
2012-03-19,Category_011,8543.0
2012-03-19,Category_013,1014.0
2012-03-19,Category_015,764.0
2012-03-19,Category_017,56.0
2012-03-19,Category_018,500.0
2012-03-19,Category_019,11691122.0
2012-03-19,Category_020,3669.0
2012-03-19,Category_021,19492.0
2012-03-19,Category_022,1929.0
2012-03-19,Category_023,2721.0
2012-03-19,Category_024,3285.0
2012-03-19,Category_026,2730.0
2012-03-19,Category_028,113275.0
2012-03-19,Category_029,60.0
2012-03-19,Category_030,140750.0
2012-03-19,Category_031,81.0
2012-03-19,Category_032,6828.0
2012-03-19,Category_033,130000.0
2012-03-26,Category_001,9361.0
2012-03-26,Category_003,1593.0
2012-03-26,Category_004,800.0
2012-03-26,Category_005,654970.0
2012-03-26,Category_006,1436142.0
2012-03-26,Category_007,1139242.0
2012-03-26,Category_008,2.0
2012-03-26,Category_009,11657.0
2012-03-26,Category_011,13871.0
2012-03-26,Category_013,2736.0
2012-03-26,Category_015,3042.0
2012-03-26,Category_018,506.0
2012-03-26,Category_019,18140890.0
2012-03-26,Category_020,7534.0
2012-03-26,Category_021,13698.0
2012-03-26,Category_022,1027.0
2012-03-26,Category_023,5003.0
2012-03-26,Category_024,3134.0
2012-03-26,Category_026,985.0
2012-03-26,Category_028,84704.0
2012-03-26,Category_029,400.0
2012-03-26,Category_030,53600.0
2012-03-26,Category_031,64.0
2012-03-26,Category_032,-4860.0
2012-03-26,Category_033,130000.0
2012-04-02,Category_001,5753.0
2012-04-02,Category_003,1991.0
2012-04-02,Category_004,800.0
2012-04-02,Category_005,878175.0
2012-04-02,Category_006,1563824.0
2012-04-02,Category_007,318292.0
2012-04-02,Category_008,419.0
2012-04-02,Category_009,8354.0
2012-04-02,Category_011,3450.0
2012-04-02,Category_013,840.0
2012-04-02,Category_015,3145.0
2012-04-02,Category_017,20.0
2012-04-02,Category_018,163.0
2012-04-02,Category_019,16220316.0
2012-04-02,Category_020,16370.0
2012-04-02,Category_021,10748.0
2012-04-02,Category_022,1637.0
2012-04-02,Category_023,7001.0
2012-04-02,Category_024,2180.0
2012-04-02,Category_026,2272.0
2012-04-02,Category_028,86254.0
2012-04-02,Category_029,140.0
2012-04-02,Category_030,49750.0
2012-04-02,Category_031,39.0
2012-04-02,Category_032,6978.0
2012-04-02,Category_033,270000.0
2012-04-09,Category_001,4241.0
2012-04-09,Category_003,2428.0
2012-04-09,Category_005,480080.0
2012-04-09,Category_006,1016713.0
2012-04-09,Category_007,609640.0
2012-04-09,Category_008,22.0
2012-04-09,Category_009,19434.0
2012-04-09,Category_010,50.0
2012-04-09,Category_011,4863.0
2012-04-09,Category_013,858.0
2012-04-09,Category_015,1244.0
2012-04-09,Category_018,1016.0
2012-04-09,Category_019,12945379.0
2012-04-09,Category_020,7734.0
2012-04-09,Category_021,26283.0
2012-04-09,Category_022,1650.0
2012-04-09,Category_023,5390.0
2012-04-09,Category_024,7423.0
2012-04-09,Category_026,1107.0
2012-04-09,Category_028,104557.0
2012-04-09,Category_030,175400.0
2012-04-09,Category_031,28.0
2012-04-09,Category_032,26010.0
2012-04-09,Category_033,180000.0
2012-04-16,Category_001,4945.0
2012-04-16,Category_003,336.0
2012-04-16,Category_004,400.0
2012-04-16,Category_005,679955.0
2012-04-16,Category_006,1349624.0
2012-04-16,Category_007,491512.0
2012-04-16,Category_008,55.0
2012-04-16,Category_009,22302.0
2012-04-16,Category_010,66.0
2012-04-16,Category_011,2779.0
2012-04-16,Category_013,649.0
2012-04-16,Category_015,5735.0
2012-04-16,Category_017,2.0
2012-04-16,Category_018,160.0
2012-04-16,Category_019,15424440.0
2012-04-16,Category_020,19730.0
2012-04-16,Category_021,14559.0
2012-04-16,Category_022,1145.0
2012-04-16,Category_023,14319.0
2012-04-16,Category_024,6416.0
2012-04-16,Category_026,2365.0
2012-04-16,Category_028,82376.0
2012-04-16,Category_029,274.0
2012-04-16,Category_030,173000.0
2012-04-16,Category_031,27.0
2012-04-16,Category_032,26422.0
2012-04-16,Category_033,170000.0
2012-04-23,Category_001,5323.0
2012-04-23,Category_003,2325.0
2012-04-23,Category_005,516640.0
2012-04-23,Category_006,1632521.0
2012-04-23,Category_007,1353000.0
2012-04-23,Category_008,21.0
2012-04-23,Category_009,18528.0
2012-04-23,Category_010,40.0
2012-04-23,Category_011,12446.0
2012-04-23,Category_013,1201.0
2012-04-23,Category_015,2264.0
2012-04-23,Category_017,-5.0
2012-04-23,Category_018,64.0
2012-04-23,Category_019,15014883.0
2012-04-23,Category_020,2430.0
2012-04-23,Category_021,28782.0
2012-04-23,Category_022,1990.0
2012-04-23,Category_023,3480.0
2012-04-23,Category_024,4974.0
2012-04-23,Category_026,1037.0
2012-04-23,Category_028,98089.0
2012-04-23,Category_029,80.0
2012-04-23,Category_030,57100.0
2012-04-23,Category_031,22.0
2012-04-23,Category_032,522.0
2012-04-23,Category_033,210000.0
2012-04-30,Category_001,1896.0
2012-04-30,Category_003,506.0
2012-04-30,Category_004,20.0
2012-04-30,Category_005,593040.0
2012-04-30,Category_006,913046.0
2012-04-30,Category_007,185336.0
2012-04-30,Category_008,2.0
2012-04-30,Category_009,13351.0
2012-04-30,Category_010,7.0
2012-04-30,Category_011,2959.0
2012-04-30,Category_013,299.0
2012-04-30,Category_015,2201.0
2012-04-30,Category_017,124.0
2012-04-30,Category_018,237.0
2012-04-30,Category_019,8706186.0
2012-04-30,Category_020,5448.0
2012-04-30,Category_021,18015.0
2012-04-30,Category_022,891.0
2012-04-30,Category_023,2110.0
2012-04-30,Category_024,3481.0
2012-04-30,Category_026,888.0
2012-04-30,Category_028,43370.0
2012-04-30,Category_029,330.0
2012-04-30,Category_030,86100.0
2012-04-30,Category_031,18.0
2012-04-30,Category_032,23474.0
2012-04-30,Category_033,110000.0
2012-05-07,Category_001,3776.0
2012-05-07,Category_003,2405.0
2012-05-07,Category_004,110.0
2012-05-07,Category_005,971490.0
2012-05-07,Category_006,1442338.0
2012-05-07,Category_007,406791.0
2012-05-07,Category_008,12.0
2012-05-07,Category_009,20854.0
2012-05-07,Category_010,3.0
2012-05-07,Category_011,12537.0
2012-05-07,Category_013,623.0
2012-05-07,Category_015,1307.0
2012-05-07,Category_018,90.0
2012-05-07,Category_019,20048397.0
2012-05-07,Category_020,854.0
2012-05-07,Category_021,12225.0
2012-05-07,Category_022,1184.0
2012-05-07,Category_023,1245.0
2012-05-07,Category_024,3319.0
2012-05-07,Category_026,3122.0
2012-05-07,Category_028,48969.0
2012-05-07,Category_029,55.0
2012-05-07,Category_030,110950.0
2012-05-07,Category_031,59.0
2012-05-07,Category_032,5718.0
2012-05-07,Category_033,280000.0
2012-05-14,Category_001,4749.0
2012-05-14,Category_003,1946.0
2012-05-14,Category_004,160.0
2012-05-14,Category_005,693940.0
2012-05-14,Category_006,1381978.0
2012-05-14,Category_007,266391.0
2012-05-14,Category_008,474.0
2012-05-14,Category_009,11783.0
2012-05-14,Category_010,6.0
2012-05-14,Category_011,17932.0
2012-05-14,Category_013,372.0
2012-05-14,Category_015,6610.0
2012-05-14,Category_018,82.0
2012-05-14,Category_019,15969975.0
2012-05-14,Category_020,1114.0
2012-05-14,Category_021,24929.0
2012-05-14,Category_022,3880.0
2012-05-14,Category_023,3340.0
2012-05-14,Category_024,1186.0
2012-05-14,Category_026,1230.0
2012-05-14,Category_028,249649.0
2012-05-14,Category_029,290.0
2012-05-14,Category_030,70350.0
2012-05-14,Category_031,63.0
2012-05-14,Category_032,2328.0
2012-05-14,Category_033,160000.0
2012-05-21,Category_001,6399.0
2012-05-21,Category_003,1700.0
2012-05-21,Category_005,795330.0
2012-05-21,Category_006,1646337.0
2012-05-21,Category_007,414897.0
2012-05-21,Category_008,26.0
2012-05-21,Category_009,11742.0
2012-05-21,Category_010,42.0
2012-05-21,Category_011,17018.0
2012-05-21,Category_013,534.0
2012-05-21,Category_015,2183.0
2012-05-21,Category_017,120.0
2012-05-21,Category_018,108.0
2012-05-21,Category_019,15772878.0
2012-05-21,Category_020,3617.0
2012-05-21,Category_021,13825.0
2012-05-21,Category_022,1012.0
2012-05-21,Category_023,6226.0
2012-05-21,Category_024,5209.0
2012-05-21,Category_026,683.0
2012-05-21,Category_028,350209.0
2012-05-21,Category_029,50.0
2012-05-21,Category_030,131900.0
2012-05-21,Category_031,41.0
2012-05-21,Category_032,3132.0
2012-05-21,Category_033,140000.0
2012-05-28,Category_001,4119.0
2012-05-28,Category_003,2539.0
2012-05-28,Category_004,1700.0
2012-05-28,Category_005,577210.0
2012-05-28,Category_006,1403130.0
2012-05-28,Category_007,729526.0
2012-05-28,Category_008,66.0
2012-05-28,Category_009,9364.0
2012-05-28,Category_010,1850.0
2012-05-28,Category_011,11731.0
2012-05-28,Category_013,65.0
2012-05-28,Category_015,4647.0
2012-05-28,Category_017,43.0
2012-05-28,Category_018,64.0
2012-05-28,Category_019,15677165.0
2012-05-28,Category_020,24638.0
2012-05-28,Category_021,7607.0
2012-05-28,Category_022,4707.0
2012-05-28,Category_023,9823.0
2012-05-28,Category_024,2876.0
2012-05-28,Category_026,2165.0
2012-05-28,Category_028,195518.0
2012-05-28,Category_030,55951.0
2012-05-28,Category_031,58.0
2012-05-28,Category_032,45102.0
2012-05-28,Category_033,190000.0
2012-06-04,Category_001,6249.0
2012-06-04,Category_003,2709.0
2012-06-04,Category_004,100.0
2012-06-04,Category_005,692425.0
2012-06-04,Category_006,1880127.0
2012-06-04,Category_007,161451.0
2012-06-04,Category_009,24256.0
2012-06-04,Category_010,15.0
2012-06-04,Category_011,7319.0
2012-06-04,Category_013,200.0
2012-06-04,Category_015,2634.0
2012-06-04,Category_017,8.0
2012-06-04,Category_018,93.0
2012-06-04,Category_019,14916429.0
2012-06-04,Category_020,2928.0
2012-06-04,Category_021,8435.0
2012-06-04,Category_022,58.0
2012-06-04,Category_023,4305.0
2012-06-04,Category_024,2647.0
2012-06-04,Category_026,1113.0
2012-06-04,Category_028,501155.0
2012-06-04,Category_029,710.0
2012-06-04,Category_030,219050.0
2012-06-04,Category_031,111.0
2012-06-04,Category_032,29796.0
2012-06-04,Category_033,220000.0
2012-06-11,Category_001,5850.0
2012-06-11,Category_003,1295.0
2012-06-11,Category_004,1700.0
2012-06-11,Category_005,978475.0
2012-06-11,Category_006,1085335.0
2012-06-11,Category_007,112854.0
2012-06-11,Category_008,14.0
2012-06-11,Category_009,13824.0
2012-06-11,Category_010,-10.0
2012-06-11,Category_011,10089.0
2012-06-11,Category_013,439.0
2012-06-11,Category_015,2227.0
2012-06-11,Category_018,178.0
2012-06-11,Category_019,18756418.0
2012-06-11,Category_020,23086.0
2012-06-11,Category_021,12462.0
2012-06-11,Category_022,1702.0
2012-06-11,Category_023,2591.0
2012-06-11,Category_024,4880.0
2012-06-11,Category_026,1414.0
2012-06-11,Category_028,67292.0
2012-06-11,Category_029,120.0
2012-06-11,Category_030,98300.0
2012-06-11,Category_031,40.0
2012-06-11,Category_032,648.0
2012-06-11,Category_033,150000.0
2012-06-18,Category_001,4703.0
2012-06-18,Category_003,2303.0
2012-06-18,Category_004,300.0
2012-06-18,Category_005,753765.0
2012-06-18,Category_006,1623827.0
2012-06-18,Category_007,299907.0
2012-06-18,Category_009,33082.0
2012-06-18,Category_010,40.0
2012-06-18,Category_011,6182.0
2012-06-18,Category_013,4385.0
2012-06-18,Category_015,2889.0
2012-06-18,Category_017,1.0
2012-06-18,Category_018,129.0
2012-06-18,Category_019,16093669.0
2012-06-18,Category_020,15695.0
2012-06-18,Category_021,15733.0
2012-06-18,Category_022,274.0
2012-06-18,Category_023,12350.0
2012-06-18,Category_024,6975.0
2012-06-18,Category_026,881.0
2012-06-18,Category_028,147551.0
2012-06-18,Category_029,80.0
2012-06-18,Category_030,83000.0
2012-06-18,Category_031,61.0
2012-06-18,Category_032,42866.0
2012-06-18,Category_033,160000.0
2012-06-25,Category_001,3849.0
2012-06-25,Category_003,2009.0
2012-06-25,Category_004,700.0
2012-06-25,Category_005,616825.0
2012-06-25,Category_006,725343.0
2012-06-25,Category_007,1020035.0
2012-06-25,Category_008,63.0
2012-06-25,Category_009,9294.0
2012-06-25,Category_010,30.0
2012-06-25,Category_011,2577.0
2012-06-25,Category_013,1251.0
2012-06-25,Category_015,1768.0
2012-06-25,Category_018,276.0
2012-06-25,Category_019,14987554.0
2012-06-25,Category_020,13392.0
2012-06-25,Category_021,15974.0
2012-06-25,Category_022,791.0
2012-06-25,Category_023,14915.0
2012-06-25,Category_024,6274.0
2012-06-25,Category_026,712.0
2012-06-25,Category_028,316864.0
2012-06-25,Category_029,250.0
2012-06-25,Category_030,100800.0
2012-06-25,Category_031,20.0
2012-06-25,Category_032,2304.0
2012-06-25,Category_033,350000.0
2012-07-02,Category_001,4622.0
2012-07-02,Category_003,926.0
2012-07-02,Category_004,1540.0
2012-07-02,Category_005,792870.0
2012-07-02,Category_006,1093364.0
2012-07-02,Category_007,169173.0
2012-07-02,Category_008,170.0
2012-07-02,Category_009,8392.0
2012-07-02,Category_010,2.0
2012-07-02,Category_011,3827.0
2012-07-02,Category_013,2060.0
2012-07-02,Category_015,1986.0
2012-07-02,Category_017,1.0
2012-07-02,Category_018,109.0
2012-07-02,Category_019,22989187.0
2012-07-02,Category_020,3666.0
2012-07-02,Category_021,12178.0
2012-07-02,Category_022,5729.0
2012-07-02,Category_023,4227.0
2012-07-02,Category_024,5728.0
2012-07-02,Category_026,913.0
2012-07-02,Category_028,263518.0
2012-07-02,Category_029,19.0
2012-07-02,Category_030,129450.0
2012-07-02,Category_031,38.0
2012-07-02,Category_032,4956.0
2012-07-02,Category_033,110000.0
2012-07-09,Category_001,4992.0
2012-07-09,Category_003,1076.0
2012-07-09,Category_005,657325.0
2012-07-09,Category_006,1672745.0
2012-07-09,Category_007,332467.0
2012-07-09,Category_008,11.0
2012-07-09,Category_009,8897.0
2012-07-09,Category_010,5.0
2012-07-09,Category_011,16053.0
2012-07-09,Category_013,2694.0
2012-07-09,Category_015,3614.0
2012-07-09,Category_017,2.0
2012-07-09,Category_018,177.0
2012-07-09,Category_019,14312986.0
2012-07-09,Category_020,784.0
2012-07-09,Category_021,13156.0
2012-07-09,Category_022,2904.0
2012-07-09,Category_023,14900.0
2012-07-09,Category_024,7721.0
2012-07-09,Category_026,1133.0
2012-07-09,Category_028,267876.0
2012-07-09,Category_029,120.0
2012-07-09,Category_030,163300.0
2012-07-09,Category_031,62.0
2012-07-09,Category_032,9306.0
2012-07-09,Category_033,240000.0
2012-07-16,Category_001,2792.0
2012-07-16,Category_003,1501.0
2012-07-16,Category_004,200.0
2012-07-16,Category_005,580770.0
2012-07-16,Category_006,1041428.0
2012-07-16,Category_007,420132.0
2012-07-16,Category_008,23.0
2012-07-16,Category_009,21374.0
2012-07-16,Category_010,101.0
2012-07-16,Category_011,4727.0
2012-07-16,Category_013,1410.0
2012-07-16,Category_015,1253.0
2012-07-16,Category_017,150.0
2012-07-16,Category_018,186.0
2012-07-16,Category_019,13476939.0
2012-07-16,Category_020,9219.0
2012-07-16,Category_021,23673.0
2012-07-16,Category_022,1574.0
2012-07-16,Category_023,5476.0
2012-07-16,Category_024,1774.0
2012-07-16,Category_026,1683.0
2012-07-16,Category_028,152478.0
2012-07-16,Category_029,40.0
2012-07-16,Category_030,20750.0
2012-07-16,Category_031,47.0
2012-07-16,Category_032,1962.0
2012-07-16,Category_033,150000.0
2012-07-23,Category_001,6128.0
2012-07-23,Category_003,695.0
2012-07-23,Category_004,400.0
2012-07-23,Category_005,651170.0
2012-07-23,Category_006,664778.0
2012-07-23,Category_007,313128.0
2012-07-23,Category_008,4.0
2012-07-23,Category_009,16070.0
2012-07-23,Category_010,8.0
2012-07-23,Category_011,11434.0
2012-07-23,Category_013,606.0
2012-07-23,Category_015,4579.0
2012-07-23,Category_018,43.0
2012-07-23,Category_019,17557212.0
2012-07-23,Category_020,3346.0
2012-07-23,Category_021,20487.0
2012-07-23,Category_022,895.0
2012-07-23,Category_023,18341.0
2012-07-23,Category_024,2873.0
2012-07-23,Category_026,1682.0
2012-07-23,Category_028,98632.0
2012-07-23,Category_029,102.0
2012-07-23,Category_030,107950.0
2012-07-23,Category_031,187.0
2012-07-23,Category_032,4842.0
2012-07-23,Category_033,170000.0
2012-07-30,Category_001,3632.0
2012-07-30,Category_003,2885.0
2012-07-30,Category_004,960.0
2012-07-30,Category_005,631645.0
2012-07-30,Category_006,1451092.0
2012-07-30,Category_007,505437.0
2012-07-30,Category_008,3.0
2012-07-30,Category_009,5063.0
2012-07-30,Category_010,698.0
2012-07-30,Category_011,3386.0
2012-07-30,Category_013,426.0
2012-07-30,Category_015,5802.0
2012-07-30,Category_018,197.0
2012-07-30,Category_019,16677228.0
2012-07-30,Category_020,6489.0
2012-07-30,Category_021,11116.0
2012-07-30,Category_022,1218.0
2012-07-30,Category_023,14619.0
2012-07-30,Category_024,2533.0
2012-07-30,Category_026,609.0
2012-07-30,Category_028,222172.0
2012-07-30,Category_029,21.0
2012-07-30,Category_030,76150.0
2012-07-30,Category_031,58.0
2012-07-30,Category_032,5628.0
2012-07-30,Category_033,310000.0
2012-08-06,Category_001,3352.0
2012-08-06,Category_003,355.0
2012-08-06,Category_004,400.0
2012-08-06,Category_005,745500.0
2012-08-06,Category_006,1582631.0
2012-08-06,Category_007,255167.0
2012-08-06,Category_008,597.0
2012-08-06,Category_009,6459.0
2012-08-06,Category_010,4.0
2012-08-06,Category_011,8702.0
2012-08-06,Category_013,316.0
2012-08-06,Category_015,3316.0
2012-08-06,Category_018,60.0
2012-08-06,Category_019,14063548.0
2012-08-06,Category_020,5490.0
2012-08-06,Category_021,20779.0
2012-08-06,Category_022,-11.0
2012-08-06,Category_023,15824.0
2012-08-06,Category_024,2154.0
2012-08-06,Category_026,1233.0
2012-08-06,Category_028,81299.0
2012-08-06,Category_029,172.0
2012-08-06,Category_030,111000.0
2012-08-06,Category_031,28.0
2012-08-06,Category_032,50860.0
2012-08-06,Category_033,130000.0
2012-08-13,Category_001,1844.0
2012-08-13,Category_003,339.0
2012-08-13,Category_005,236725.0
2012-08-13,Category_006,380523.0
2012-08-13,Category_007,214304.0
2012-08-13,Category_008,5.0
2012-08-13,Category_009,10698.0
2012-08-13,Category_010,196.0
2012-08-13,Category_011,6613.0
2012-08-13,Category_013,88.0
2012-08-13,Category_015,1619.0
2012-08-13,Category_018,68.0
2012-08-13,Category_019,7070304.0
2012-08-13,Category_020,11136.0
2012-08-13,Category_021,13569.0
2012-08-13,Category_022,499.0
2012-08-13,Category_023,10411.0
2012-08-13,Category_024,2776.0
2012-08-13,Category_025,3000.0
2012-08-13,Category_026,231.0
2012-08-13,Category_028,105365.0
2012-08-13,Category_029,190.0
2012-08-13,Category_030,154600.0
2012-08-13,Category_031,29.0
2012-08-13,Category_032,1560.0
2012-08-13,Category_033,20000.0
2012-08-20,Category_001,5207.0
2012-08-20,Category_003,220.0
2012-08-20,Category_004,1360.0
2012-08-20,Category_005,771660.0
2012-08-20,Category_006,1781166.0
2012-08-20,Category_007,756309.0
2012-08-20,Category_008,20.0
2012-08-20,Category_009,9465.0
2012-08-20,Category_010,203.0
2012-08-20,Category_011,2873.0
2012-08-20,Category_013,300.0
2012-08-20,Category_015,912.0
2012-08-20,Category_018,110.0
2012-08-20,Category_019,15713062.0
2012-08-20,Category_020,250.0
2012-08-20,Category_021,15935.0
2012-08-20,Category_022,323.0
2012-08-20,Category_023,13840.0
2012-08-20,Category_024,4191.0
2012-08-20,Category_026,732.0
2012-08-20,Category_028,162504.0
2012-08-20,Category_029,270.0
2012-08-20,Category_030,463600.0
2012-08-20,Category_031,59.0
2012-08-20,Category_032,4500.0
2012-08-20,Category_033,120000.0
2012-08-27,Category_001,5371.0
2012-08-27,Category_003,521.0
2012-08-27,Category_004,500.0
2012-08-27,Category_005,620700.0
2012-08-27,Category_006,1076225.0
2012-08-27,Category_007,820816.0
2012-08-27,Category_008,5.0
2012-08-27,Category_009,10984.0
2012-08-27,Category_010,41.0
2012-08-27,Category_011,8446.0
2012-08-27,Category_013,886.0
2012-08-27,Category_015,650.0
2012-08-27,Category_017,7.0
2012-08-27,Category_018,40.0
2012-08-27,Category_019,14092782.0
2012-08-27,Category_020,24018.0
2012-08-27,Category_021,13294.0
2012-08-27,Category_022,1405.0
2012-08-27,Category_023,3579.0
2012-08-27,Category_024,2794.0
2012-08-27,Category_026,1849.0
2012-08-27,Category_028,228305.0
2012-08-27,Category_029,180.0
2012-08-27,Category_030,73600.0
2012-08-27,Category_031,66.0
2012-08-27,Category_032,10680.0
2012-08-27,Category_033,160000.0
2012-09-03,Category_001,4956.0
2012-09-03,Category_003,1558.0
2012-09-03,Category_004,660.0
2012-09-03,Category_005,828920.0
2012-09-03,Category_006,1067868.0
2012-09-03,Category_007,580359.0
2012-09-03,Category_008,63.0
2012-09-03,Category_009,10149.0
2012-09-03,Category_010,121.0
2012-09-03,Category_011,12809.0
2012-09-03,Category_013,582.0
2012-09-03,Category_015,3835.0
2012-09-03,Category_017,1.0
2012-09-03,Category_018,204.0
2012-09-03,Category_019,15383311.0
2012-09-03,Category_020,6202.0
2012-09-03,Category_021,15233.0
2012-09-03,Category_022,1882.0
2012-09-03,Category_023,3591.0
2012-09-03,Category_024,4651.0
2012-09-03,Category_026,555.0
2012-09-03,Category_028,128215.0
2012-09-03,Category_030,93100.0
2012-09-03,Category_031,109.0
2012-09-03,Category_032,2064.0
2012-09-03,Category_033,220000.0
2012-09-10,Category_001,4175.0
2012-09-10,Category_003,2879.0
2012-09-10,Category_005,506000.0
2012-09-10,Category_006,1040933.0
2012-09-10,Category_007,397805.0
2012-09-10,Category_008,10.0
2012-09-10,Category_009,40671.0
2012-09-10,Category_010,14.0
2012-09-10,Category_011,6650.0
2012-09-10,Category_013,574.0
2012-09-10,Category_015,3663.0
2012-09-10,Category_018,40.0
2012-09-10,Category_019,14112387.0
2012-09-10,Category_020,12576.0
2012-09-10,Category_021,18991.0
2012-09-10,Category_022,3096.0
2012-09-10,Category_023,6066.0
2012-09-10,Category_024,2694.0
2012-09-10,Category_026,1514.0
2012-09-10,Category_028,199503.0
2012-09-10,Category_029,110.0
2012-09-10,Category_030,79450.0
2012-09-10,Category_031,36.0
2012-09-10,Category_032,3806.0
2012-09-10,Category_033,90000.0
2012-09-17,Category_001,4396.0
2012-09-17,Category_003,430.0
2012-09-17,Category_005,587535.0
2012-09-17,Category_006,802642.0
2012-09-17,Category_007,115244.0
2012-09-17,Category_009,9709.0
2012-09-17,Category_010,10.0
2012-09-17,Category_011,15808.0
2012-09-17,Category_013,1098.0
2012-09-17,Category_015,2765.0
2012-09-17,Category_017,85.0
2012-09-17,Category_018,56.0
2012-09-17,Category_019,10225851.0
2012-09-17,Category_020,3990.0
2012-09-17,Category_021,19622.0
2012-09-17,Category_022,1314.0
2012-09-17,Category_023,13956.0
2012-09-17,Category_024,2647.0
2012-09-17,Category_026,668.0
2012-09-17,Category_028,219512.0
2012-09-17,Category_029,184.0
2012-09-17,Category_030,142000.0
2012-09-17,Category_031,217.0
2012-09-17,Category_032,1116.0
2012-09-17,Category_033,340000.0
2012-09-24,Category_001,6229.0
2012-09-24,Category_003,2095.0
2012-09-24,Category_004,1313.0
2012-09-24,Category_005,658525.0
2012-09-24,Category_006,1221267.0
2012-09-24,Category_007,277521.0
2012-09-24,Category_008,166.0
2012-09-24,Category_009,10790.0
2012-09-24,Category_010,6.0
2012-09-24,Category_011,10698.0
2012-09-24,Category_013,2412.0
2012-09-24,Category_015,3992.0
2012-09-24,Category_017,200.0
2012-09-24,Category_018,81.0
2012-09-24,Category_019,11158553.0
2012-09-24,Category_020,7671.0
2012-09-24,Category_021,16577.0
2012-09-24,Category_022,1306.0
2012-09-24,Category_023,4701.0
2012-09-24,Category_024,2454.0
2012-09-24,Category_026,1081.0
2012-09-24,Category_028,100324.0
2012-09-24,Category_029,400.0
2012-09-24,Category_030,108800.0
2012-09-24,Category_031,106.0
2012-09-24,Category_032,4150.0
2012-09-24,Category_033,50000.0
2012-10-01,Category_001,4502.0
2012-10-01,Category_003,1132.0
2012-10-01,Category_004,560.0
2012-10-01,Category_005,845575.0
2012-10-01,Category_006,1286696.0
2012-10-01,Category_007,1020289.0
2012-10-01,Category_008,67.0
2012-10-01,Category_009,9343.0
2012-10-01,Category_010,17.0
2012-10-01,Category_011,9924.0
2012-10-01,Category_013,2417.0
2012-10-01,Category_015,1633.0
2012-10-01,Category_017,600.0
2012-10-01,Category_018,75.0
2012-10-01,Category_019,16406192.0
2012-10-01,Category_020,10717.0
2012-10-01,Category_021,13188.0
2012-10-01,Category_022,424.0
2012-10-01,Category_023,1853.0
2012-10-01,Category_024,8501.0
2012-10-01,Category_026,839.0
2012-10-01,Category_028,255837.0
2012-10-01,Category_029,60.0
2012-10-01,Category_030,73100.0
2012-10-01,Category_031,16.0
2012-10-01,Category_032,4312.0
2012-10-01,Category_033,220000.0
2012-10-08,Category_001,8654.0
2012-10-08,Category_003,358.0
2012-10-08,Category_005,404605.0
2012-10-08,Category_006,895054.0
2012-10-08,Category_007,123449.0
2012-10-08,Category_008,2.0
2012-10-08,Category_009,18749.0
2012-10-08,Category_010,57.0
2012-10-08,Category_011,6549.0
2012-10-08,Category_013,595.0
2012-10-08,Category_015,1310.0
2012-10-08,Category_017,12.0
2012-10-08,Category_018,49.0
2012-10-08,Category_019,15663584.0
2012-10-08,Category_020,5624.0
2012-10-08,Category_021,-649.0
2012-10-08,Category_022,931.0
2012-10-08,Category_023,1926.0
2012-10-08,Category_024,5112.0
2012-10-08,Category_026,419.0
2012-10-08,Category_028,130351.0
2012-10-08,Category_029,156.0
2012-10-08,Category_030,280200.0
2012-10-08,Category_031,21.0
2012-10-08,Category_032,890.0
2012-10-08,Category_033,300000.0
2012-10-15,Category_001,5747.0
2012-10-15,Category_003,297.0
2012-10-15,Category_004,367.0
2012-10-15,Category_005,526475.0
2012-10-15,Category_006,1619373.0
2012-10-15,Category_007,508087.0
2012-10-15,Category_008,47.0
2012-10-15,Category_009,6580.0
2012-10-15,Category_010,92.0
2012-10-15,Category_011,8501.0
2012-10-15,Category_013,2910.0
2012-10-15,Category_015,1046.0
2012-10-15,Category_017,12.0
2012-10-15,Category_018,17.0
2012-10-15,Category_019,14233764.0
2012-10-15,Category_020,5374.0
2012-10-15,Category_021,19850.0
2012-10-15,Category_022,1024.0
2012-10-15,Category_023,6552.0
2012-10-15,Category_024,3759.0
2012-10-15,Category_026,853.0
2012-10-15,Category_028,324981.0
2012-10-15,Category_029,22.0
2012-10-15,Category_030,200200.0
2012-10-15,Category_031,58.0
2012-10-15,Category_032,2196.0
2012-10-15,Category_033,100000.0
2012-10-22,Category_001,6301.0
2012-10-22,Category_003,731.0
2012-10-22,Category_004,240.0
2012-10-22,Category_005,624600.0
2012-10-22,Category_006,871626.0
2012-10-22,Category_007,368132.0
2012-10-22,Category_008,110.0
2012-10-22,Category_009,17290.0
2012-10-22,Category_010,109.0
2012-10-22,Category_011,7964.0
2012-10-22,Category_013,460.0
2012-10-22,Category_015,2787.0
2012-10-22,Category_018,155.0
2012-10-22,Category_019,14784260.0
2012-10-22,Category_020,5446.0
2012-10-22,Category_021,17604.0
2012-10-22,Category_022,910.0
2012-10-22,Category_023,6892.0
2012-10-22,Category_024,2534.0
2012-10-22,Category_026,675.0
2012-10-22,Category_028,96429.0
2012-10-22,Category_029,60.0
2012-10-22,Category_030,24600.0
2012-10-22,Category_031,21.0
2012-10-22,Category_032,1142.0
2012-10-22,Category_033,110000.0
2012-10-29,Category_001,4134.0
2012-10-29,Category_003,2709.0
2012-10-29,Category_005,760500.0
2012-10-29,Category_006,1227875.0
2012-10-29,Category_007,589686.0
2012-10-29,Category_008,9.0
2012-10-29,Category_009,21083.0
2012-10-29,Category_010,48.0
2012-10-29,Category_011,4064.0
2012-10-29,Category_013,3084.0
2012-10-29,Category_015,2019.0
2012-10-29,Category_017,3.0
2012-10-29,Category_018,104.0
2012-10-29,Category_019,15706174.0
2012-10-29,Category_020,2818.0
2012-10-29,Category_021,17113.0
2012-10-29,Category_022,535.0
2012-10-29,Category_023,1500.0
2012-10-29,Category_024,2305.0
2012-10-29,Category_026,626.0
2012-10-29,Category_028,175853.0
2012-10-29,Category_029,203.0
2012-10-29,Category_030,31400.0
2012-10-29,Category_031,94.0
2012-10-29,Category_032,6236.0
2012-10-29,Category_033,160000.0
2012-11-05,Category_001,5377.0
2012-11-05,Category_003,1262.0
2012-11-05,Category_004,820.0
2012-11-05,Category_005,712055.0
2012-11-05,Category_006,1200658.0
2012-11-05,Category_007,472450.0
2012-11-05,Category_008,32.0
2012-11-05,Category_009,22093.0
2012-11-05,Category_010,4.0
2012-11-05,Category_011,21338.0
2012-11-05,Category_013,269.0
2012-11-05,Category_015,1934.0
2012-11-05,Category_018,69.0
2012-11-05,Category_019,15674821.0
2012-11-05,Category_020,13906.0
2012-11-05,Category_021,11378.0
2012-11-05,Category_022,1219.0
2012-11-05,Category_023,4586.0
2012-11-05,Category_024,2373.0
2012-11-05,Category_026,1004.0
2012-11-05,Category_028,70551.0
2012-11-05,Category_029,80.0
2012-11-05,Category_030,146350.0
2012-11-05,Category_031,37.0
2012-11-05,Category_032,2314.0
2012-11-05,Category_033,190000.0
2012-11-12,Category_001,8055.0
2012-11-12,Category_003,971.0
2012-11-12,Category_004,100.0
2012-11-12,Category_005,593450.0
2012-11-12,Category_006,1015433.0
2012-11-12,Category_007,704200.0
2012-11-12,Category_008,42.0
2012-11-12,Category_009,13794.0
2012-11-12,Category_010,87.0
2012-11-12,Category_011,8213.0
2012-11-12,Category_013,2437.0
2012-11-12,Category_015,2417.0
2012-11-12,Category_017,21.0
2012-11-12,Category_018,92.0
2012-11-12,Category_019,11461003.0
2012-11-12,Category_020,8664.0
2012-11-12,Category_021,36071.0
2012-11-12,Category_022,1547.0
2012-11-12,Category_023,1754.0
2012-11-12,Category_024,2783.0
2012-11-12,Category_026,700.0
2012-11-12,Category_028,59641.0
2012-11-12,Category_029,360.0
2012-11-12,Category_030,57200.0
2012-11-12,Category_031,53.0
2012-11-12,Category_032,10182.0
2012-11-12,Category_033,270000.0
2012-11-19,Category_001,3401.0
2012-11-19,Category_003,952.0
2012-11-19,Category_005,497015.0
2012-11-19,Category_006,989928.0
2012-11-19,Category_007,478661.0
2012-11-19,Category_008,20.0
2012-11-19,Category_009,7719.0
2012-11-19,Category_010,44.0
2012-11-19,Category_011,8924.0
2012-11-19,Category_013,366.0
2012-11-19,Category_015,2669.0
2012-11-19,Category_018,123.0
2012-11-19,Category_019,11640360.0
2012-11-19,Category_020,1990.0
2012-11-19,Category_021,15613.0
2012-11-19,Category_022,2549.0
2012-11-19,Category_023,4600.0
2012-11-19,Category_024,3643.0
2012-11-19,Category_026,594.0
2012-11-19,Category_028,73726.0
2012-11-19,Category_029,190.0
2012-11-19,Category_030,109900.0
2012-11-19,Category_031,44.0
2012-11-19,Category_032,2240.0
2012-11-19,Category_033,50000.0
2012-11-26,Category_001,6139.0
2012-11-26,Category_003,2348.0
2012-11-26,Category_004,80.0
2012-11-26,Category_005,592635.0
2012-11-26,Category_006,1073729.0
2012-11-26,Category_007,391263.0
2012-11-26,Category_008,111.0
2012-11-26,Category_009,7628.0
2012-11-26,Category_010,19.0
2012-11-26,Category_011,17375.0
2012-11-26,Category_012,1.0
2012-11-26,Category_013,475.0
2012-11-26,Category_015,1999.0
2012-11-26,Category_017,-13.0
2012-11-26,Category_018,103.0
2012-11-26,Category_019,18303724.0
2012-11-26,Category_020,3294.0
2012-11-26,Category_021,13700.0
2012-11-26,Category_022,2059.0
2012-11-26,Category_023,2705.0
2012-11-26,Category_024,4295.0
2012-11-26,Category_026,1298.0
2012-11-26,Category_028,72005.0
2012-11-26,Category_029,60.0
2012-11-26,Category_030,94500.0
2012-11-26,Category_031,27.0
2012-11-26,Category_032,-2524.0
2012-11-26,Category_033,130000.0
2012-12-03,Category_001,3585.0
2012-12-03,Category_003,1953.0
2012-12-03,Category_004,440.0
2012-12-03,Category_005,667170.0
2012-12-03,Category_006,1389366.0
2012-12-03,Category_007,468088.0
2012-12-03,Category_008,224.0
2012-12-03,Category_009,11115.0
2012-12-03,Category_010,56.0
2012-12-03,Category_011,6605.0
2012-12-03,Category_012,16.0
2012-12-03,Category_013,1450.0
2012-12-03,Category_015,4021.0
2012-12-03,Category_018,117.0
2012-12-03,Category_019,17105799.0
2012-12-03,Category_020,192.0
2012-12-03,Category_021,14333.0
2012-12-03,Category_022,1229.0
2012-12-03,Category_023,11445.0
2012-12-03,Category_024,8159.0
2012-12-03,Category_026,814.0
2012-12-03,Category_028,300472.0
2012-12-03,Category_029,242.0
2012-12-03,Category_030,116600.0
2012-12-03,Category_031,58.0
2012-12-03,Category_032,14490.0
2012-12-03,Category_033,90000.0
2012-12-10,Category_001,7399.0
2012-12-10,Category_003,2214.0
2012-12-10,Category_005,615475.0
2012-12-10,Category_006,1522527.0
2012-12-10,Category_007,220031.0
2012-12-10,Category_008,44.0
2012-12-10,Category_009,14346.0
2012-12-10,Category_010,21.0
2012-12-10,Category_011,5144.0
2012-12-10,Category_013,200.0
2012-12-10,Category_015,1316.0
2012-12-10,Category_018,203.0
2012-12-10,Category_019,15717628.0
2012-12-10,Category_020,7445.0
2012-12-10,Category_021,13311.0
2012-12-10,Category_022,2252.0
2012-12-10,Category_023,18681.0
2012-12-10,Category_024,2647.0
2012-12-10,Category_026,2349.0
2012-12-10,Category_028,179958.0
2012-12-10,Category_029,262.0
2012-12-10,Category_030,62000.0
2012-12-10,Category_031,50.0
2012-12-10,Category_032,21514.0
2012-12-10,Category_033,350000.0
2012-12-17,Category_001,6482.0
2012-12-17,Category_003,249.0
2012-12-17,Category_005,611610.0
2012-12-17,Category_006,1223110.0
2012-12-17,Category_007,695551.0
2012-12-17,Category_008,113.0
2012-12-17,Category_009,6864.0
2012-12-17,Category_010,24.0
2012-12-17,Category_011,8458.0
2012-12-17,Category_013,379.0
2012-12-17,Category_015,941.0
2012-12-17,Category_017,656.0
2012-12-17,Category_018,91.0
2012-12-17,Category_019,12934034.0
2012-12-17,Category_020,2823.0
2012-12-17,Category_021,10553.0
2012-12-17,Category_022,1514.0
2012-12-17,Category_023,5810.0
2012-12-17,Category_024,1286.0
2012-12-17,Category_026,1000.0
2012-12-17,Category_028,132008.0
2012-12-17,Category_030,68300.0
2012-12-17,Category_031,144.0
2012-12-17,Category_032,7210.0
2012-12-17,Category_033,190000.0
2012-12-24,Category_001,3305.0
2012-12-24,Category_003,408.0
2012-12-24,Category_004,840.0
2012-12-24,Category_005,457600.0
2012-12-24,Category_006,377043.0
2012-12-24,Category_007,68754.0
2012-12-24,Category_008,2.0
2012-12-24,Category_009,5876.0
2012-12-24,Category_010,40.0
2012-12-24,Category_011,3415.0
2012-12-24,Category_013,92.0
2012-12-24,Category_015,865.0
2012-12-24,Category_018,23.0
2012-12-24,Category_019,11875083.0
2012-12-24,Category_020,6808.0
2012-12-24,Category_021,3832.0
2012-12-24,Category_022,505.0
2012-12-24,Category_023,4771.0
2012-12-24,Category_024,1571.0
2012-12-24,Category_026,1173.0
2012-12-24,Category_028,44167.0
2012-12-24,Category_030,84000.0
2012-12-24,Category_031,2.0
2012-12-24,Category_032,832.0
2012-12-24,Category_033,90000.0
2012-12-31,Category_001,410.0
2012-12-31,Category_003,1116.0
2012-12-31,Category_004,900.0
2012-12-31,Category_005,313725.0
2012-12-31,Category_006,105960.0
2012-12-31,Category_007,30684.0
2012-12-31,Category_009,11218.0
2012-12-31,Category_010,27.0
2012-12-31,Category_011,500.0
2012-12-31,Category_012,1.0
2012-12-31,Category_013,650.0
2012-12-31,Category_015,517.0
2012-12-31,Category_017,454.0
2012-12-31,Category_018,34.0
2012-12-31,Category_019,7088113.0
2012-12-31,Category_020,1995.0
2012-12-31,Category_021,9051.0
2012-12-31,Category_022,1567.0
2012-12-31,Category_023,13390.0
2012-12-31,Category_024,1449.0
2012-12-31,Category_026,844.0
2012-12-31,Category_028,136202.0
2012-12-31,Category_030,79800.0
2012-12-31,Category_032,9822.0
2013-01-07,Category_001,5323.0
2013-01-07,Category_003,838.0
2013-01-07,Category_004,967.0
2013-01-07,Category_005,949125.0
2013-01-07,Category_006,2039912.0
2013-01-07,Category_007,907844.0
2013-01-07,Category_008,102.0
2013-01-07,Category_009,7333.0
2013-01-07,Category_010,6.0
2013-01-07,Category_011,13304.0
2013-01-07,Category_013,774.0
2013-01-07,Category_015,2405.0
2013-01-07,Category_017,506.0
2013-01-07,Category_018,147.0
2013-01-07,Category_019,18655065.0
2013-01-07,Category_020,12283.0
2013-01-07,Category_021,23560.0
2013-01-07,Category_022,3167.0
2013-01-07,Category_023,13535.0
2013-01-07,Category_024,7198.0
2013-01-07,Category_026,621.0
2013-01-07,Category_028,176784.0
2013-01-07,Category_029,30.0
2013-01-07,Category_030,54350.0
2013-01-07,Category_031,40.0
2013-01-07,Category_032,4954.0
2013-01-07,Category_033,140000.0
2013-01-14,Category_001,4889.0
2013-01-14,Category_003,497.0
2013-01-14,Category_004,-80.0
2013-01-14,Category_005,558650.0
2013-01-14,Category_006,1258511.0
2013-01-14,Category_007,486369.0
2013-01-14,Category_008,30.0
2013-01-14,Category_009,4571.0
2013-01-14,Category_010,4.0
2013-01-14,Category_011,9065.0
2013-01-14,Category_013,815.0
2013-01-14,Category_015,2855.0
2013-01-14,Category_017,54.0
2013-01-14,Category_018,44.0
2013-01-14,Category_019,16311354.0
2013-01-14,Category_020,12023.0
2013-01-14,Category_021,13890.0
2013-01-14,Category_022,1315.0
2013-01-14,Category_023,10270.0
2013-01-14,Category_024,6009.0
2013-01-14,Category_026,1268.0
2013-01-14,Category_028,219455.0
2013-01-14,Category_030,70100.0
2013-01-14,Category_031,51.0
2013-01-14,Category_032,11072.0
2013-01-14,Category_033,70000.0
2013-01-21,Category_001,6056.0
2013-01-21,Category_003,1148.0
2013-01-21,Category_004,400.0
2013-01-21,Category_005,719815.0
2013-01-21,Category_006,1817145.0
2013-01-21,Category_007,438964.0
2013-01-21,Category_008,92.0
2013-01-21,Category_009,22200.0
2013-01-21,Category_010,30.0
2013-01-21,Category_011,9989.0
2013-01-21,Category_013,2090.0
2013-01-21,Category_015,1666.0
2013-01-21,Category_017,341.0
2013-01-21,Category_018,76.0
2013-01-21,Category_019,16946245.0
2013-01-21,Category_020,5749.0
2013-01-21,Category_021,13529.0
2013-01-21,Category_022,4777.0
2013-01-21,Category_023,18203.0
2013-01-21,Category_024,2107.0
2013-01-21,Category_026,581.0
2013-01-21,Category_028,69764.0
2013-01-21,Category_029,338.0
2013-01-21,Category_030,108050.0
2013-01-21,Category_031,98.0
2013-01-21,Category_032,1418.0
2013-01-21,Category_033,60000.0
2013-01-28,Category_001,7877.0
2013-01-28,Category_003,1871.0
2013-01-28,Category_004,780.0
2013-01-28,Category_005,641125.0
2013-01-28,Category_006,1671278.0
2013-01-28,Category_007,938308.0
2013-01-28,Category_008,24.0
2013-01-28,Category_009,10384.0
2013-01-28,Category_010,42.0
2013-01-28,Category_011,8039.0
2013-01-28,Category_012,1.0
2013-01-28,Category_013,764.0
2013-01-28,Category_014,2.0
2013-01-28,Category_015,989.0
2013-01-28,Category_017,2.0
2013-01-28,Category_018,25.0
2013-01-28,Category_019,17514507.0
2013-01-28,Category_020,20842.0
2013-01-28,Category_021,20886.0
2013-01-28,Category_022,480.0
2013-01-28,Category_023,13402.0
2013-01-28,Category_024,2544.0
2013-01-28,Category_026,998.0
2013-01-28,Category_028,236658.0
2013-01-28,Category_030,62300.0
2013-01-28,Category_031,193.0
2013-01-28,Category_032,3102.0
2013-01-28,Category_033,160000.0
2013-02-04,Category_001,5768.0
2013-02-04,Category_003,2444.0
2013-02-04,Category_004,20.0
2013-02-04,Category_005,751595.0
2013-02-04,Category_006,1414756.0
2013-02-04,Category_007,544127.0
2013-02-04,Category_008,56.0
2013-02-04,Category_009,26151.0
2013-02-04,Category_010,74.0
2013-02-04,Category_011,7706.0
2013-02-04,Category_012,8.0
2013-02-04,Category_013,7443.0
2013-02-04,Category_015,7236.0
2013-02-04,Category_017,2200.0
2013-02-04,Category_018,103.0
2013-02-04,Category_019,18705441.0
2013-02-04,Category_020,3846.0
2013-02-04,Category_021,24464.0
2013-02-04,Category_022,114.0
2013-02-04,Category_023,4210.0
2013-02-04,Category_024,3693.0
2013-02-04,Category_025,3000.0
2013-02-04,Category_026,838.0
2013-02-04,Category_028,374973.0
2013-02-04,Category_029,80.0
2013-02-04,Category_030,150250.0
2013-02-04,Category_031,58.0
2013-02-04,Category_032,19196.0
2013-02-04,Category_033,260000.0
2013-02-11,Category_001,9836.0
2013-02-11,Category_003,274.0
2013-02-11,Category_005,380425.0
2013-02-11,Category_006,649938.0
2013-02-11,Category_007,164842.0
2013-02-11,Category_008,154.0
2013-02-11,Category_009,2172.0
2013-02-11,Category_010,16.0
2013-02-11,Category_011,6326.0
2013-02-11,Category_013,337.0
2013-02-11,Category_015,1737.0
2013-02-11,Category_018,124.0
2013-02-11,Category_019,11410786.0
2013-02-11,Category_020,3665.0
2013-02-11,Category_021,20111.0
2013-02-11,Category_022,543.0
2013-02-11,Category_023,19100.0
2013-02-11,Category_024,4031.0
2013-02-11,Category_026,812.0
2013-02-11,Category_028,52869.0
2013-02-11,Category_029,20.0
2013-02-11,Category_030,98300.0
2013-02-11,Category_031,80.0
2013-02-11,Category_032,30706.0
2013-02-11,Category_033,70000.0
2013-02-18,Category_001,6084.0
2013-02-18,Category_003,2055.0
2013-02-18,Category_004,20.0
2013-02-18,Category_005,714340.0
2013-02-18,Category_006,1366571.0
2013-02-18,Category_007,762255.0
2013-02-18,Category_008,28.0
2013-02-18,Category_009,5869.0
2013-02-18,Category_010,103.0
2013-02-18,Category_011,22077.0
2013-02-18,Category_013,1161.0
2013-02-18,Category_015,2101.0
2013-02-18,Category_017,1.0
2013-02-18,Category_018,90.0
2013-02-18,Category_019,13672100.0
2013-02-18,Category_020,1271.0
2013-02-18,Category_021,20216.0
2013-02-18,Category_022,2902.0
2013-02-18,Category_023,4350.0
2013-02-18,Category_024,1170.0
2013-02-18,Category_025,3000.0
2013-02-18,Category_026,934.0
2013-02-18,Category_028,118578.0
2013-02-18,Category_030,233400.0
2013-02-18,Category_031,30.0
2013-02-18,Category_032,2872.0
2013-02-18,Category_033,160000.0
2013-02-25,Category_001,6566.0
2013-02-25,Category_003,1955.0
2013-02-25,Category_005,556300.0
2013-02-25,Category_006,1163657.0
2013-02-25,Category_007,1740069.0
2013-02-25,Category_008,27.0
2013-02-25,Category_009,9113.0
2013-02-25,Category_010,56.0
2013-02-25,Category_011,28801.0
2013-02-25,Category_012,4.0
2013-02-25,Category_013,608.0
2013-02-25,Category_015,3069.0
2013-02-25,Category_017,17.0
2013-02-25,Category_018,131.0
2013-02-25,Category_019,14489503.0
2013-02-25,Category_020,13930.0
2013-02-25,Category_021,19226.0
2013-02-25,Category_022,1571.0
2013-02-25,Category_023,4973.0
2013-02-25,Category_024,4922.0
2013-02-25,Category_026,746.0
2013-02-25,Category_028,144289.0
2013-02-25,Category_029,40.0
2013-02-25,Category_030,167700.0
2013-02-25,Category_031,42.0
2013-02-25,Category_032,3122.0
2013-02-25,Category_033,100000.0
2013-03-04,Category_001,5361.0
2013-03-04,Category_003,2089.0
2013-03-04,Category_004,600.0
2013-03-04,Category_005,758070.0
2013-03-04,Category_006,1960320.0
2013-03-04,Category_007,487805.0
2013-03-04,Category_008,12.0
2013-03-04,Category_009,21242.0
2013-03-04,Category_010,22.0
2013-03-04,Category_011,8976.0
2013-03-04,Category_012,2.0
2013-03-04,Category_013,758.0
2013-03-04,Category_015,2194.0
2013-03-04,Category_017,3.0
2013-03-04,Category_018,54.0
2013-03-04,Category_019,17895997.0
2013-03-04,Category_020,8190.0
2013-03-04,Category_021,27817.0
2013-03-04,Category_022,857.0
2013-03-04,Category_023,33991.0
2013-03-04,Category_024,2857.0
2013-03-04,Category_026,539.0
2013-03-04,Category_028,105895.0
2013-03-04,Category_029,162.0
2013-03-04,Category_030,145150.0
2013-03-04,Category_031,24.0
2013-03-04,Category_032,5752.0
2013-03-04,Category_033,360000.0
2013-03-11,Category_001,6558.0
2013-03-11,Category_002,60.0
2013-03-11,Category_003,1653.0
2013-03-11,Category_004,200.0
2013-03-11,Category_005,759165.0
2013-03-11,Category_006,1495928.0
2013-03-11,Category_007,366423.0
2013-03-11,Category_008,62.0
2013-03-11,Category_009,13996.0
2013-03-11,Category_010,29.0
2013-03-11,Category_011,6057.0
2013-03-11,Category_012,4.0
2013-03-11,Category_013,1230.0
2013-03-11,Category_015,6416.0
2013-03-11,Category_017,1084.0
2013-03-11,Category_018,106.0
2013-03-11,Category_019,18925493.0
2013-03-11,Category_020,7127.0
2013-03-11,Category_021,14787.0
2013-03-11,Category_022,1541.0
2013-03-11,Category_023,3350.0
2013-03-11,Category_024,4623.0
2013-03-11,Category_026,1382.0
2013-03-11,Category_028,68053.0
2013-03-11,Category_029,686.0
2013-03-11,Category_030,138500.0
2013-03-11,Category_031,24.0
2013-03-11,Category_032,8142.0
2013-03-11,Category_033,40000.0
2013-03-18,Category_001,6245.0
2013-03-18,Category_003,3218.0
2013-03-18,Category_004,240.0
2013-03-18,Category_005,569375.0
2013-03-18,Category_006,1434378.0
2013-03-18,Category_007,508059.0
2013-03-18,Category_008,31.0
2013-03-18,Category_009,10060.0
2013-03-18,Category_010,60.0
2013-03-18,Category_011,7280.0
2013-03-18,Category_012,6.0
2013-03-18,Category_013,451.0
2013-03-18,Category_015,3219.0
2013-03-18,Category_018,494.0
2013-03-18,Category_019,13116211.0
2013-03-18,Category_020,6118.0
2013-03-18,Category_021,13544.0
2013-03-18,Category_022,952.0
2013-03-18,Category_023,9420.0
2013-03-18,Category_024,3052.0
2013-03-18,Category_026,1323.0
2013-03-18,Category_028,143474.0
2013-03-18,Category_029,134.0
2013-03-18,Category_030,125500.0
2013-03-18,Category_031,74.0
2013-03-18,Category_032,5656.0
2013-03-18,Category_033,150000.0
2013-03-25,Category_001,6291.0
2013-03-25,Category_003,1464.0
2013-03-25,Category_004,380.0
2013-03-25,Category_005,757750.0
2013-03-25,Category_006,831747.0
2013-03-25,Category_007,607072.0
2013-03-25,Category_008,9.0
2013-03-25,Category_009,10037.0
2013-03-25,Category_010,8.0
2013-03-25,Category_011,3707.0
2013-03-25,Category_012,2.0
2013-03-25,Category_013,962.0
2013-03-25,Category_015,14555.0
2013-03-25,Category_018,73.0
2013-03-25,Category_019,14232286.0
2013-03-25,Category_020,6772.0
2013-03-25,Category_021,18652.0
2013-03-25,Category_022,-626.0
2013-03-25,Category_023,10810.0
2013-03-25,Category_024,7060.0
2013-03-25,Category_026,782.0
2013-03-25,Category_028,113748.0
2013-03-25,Category_029,142.0
2013-03-25,Category_030,117401.0
2013-03-25,Category_031,9.0
2013-03-25,Category_032,9836.0
2013-03-25,Category_033,250000.0
2013-04-01,Category_001,6141.0
2013-04-01,Category_003,1237.0
2013-04-01,Category_004,719.0
2013-04-01,Category_005,716775.0
2013-04-01,Category_006,1959526.0
2013-04-01,Category_007,435908.0
2013-04-01,Category_008,41.0
2013-04-01,Category_009,21630.0
2013-04-01,Category_010,32.0
2013-04-01,Category_011,20930.0
2013-04-01,Category_013,1428.0
2013-04-01,Category_015,2979.0
2013-04-01,Category_017,3280.0
2013-04-01,Category_018,137.0
2013-04-01,Category_019,19297968.0
2013-04-01,Category_020,17878.0
2013-04-01,Category_021,20509.0
2013-04-01,Category_022,1113.0
2013-04-01,Category_023,7171.0
2013-04-01,Category_024,2611.0
2013-04-01,Category_026,727.0
2013-04-01,Category_028,259583.0
2013-04-01,Category_029,10.0
2013-04-01,Category_030,75200.0
2013-04-01,Category_031,139.0
2013-04-01,Category_032,13928.0
2013-04-01,Category_033,210000.0
2013-04-08,Category_001,5463.0
2013-04-08,Category_003,1054.0
2013-04-08,Category_004,777.0
2013-04-08,Category_005,504700.0
2013-04-08,Category_006,1673045.0
2013-04-08,Category_007,723557.0
2013-04-08,Category_008,14.0
2013-04-08,Category_009,9027.0
2013-04-08,Category_010,276.0
2013-04-08,Category_011,4357.0
2013-04-08,Category_012,6.0
2013-04-08,Category_013,732.0
2013-04-08,Category_014,16.0
2013-04-08,Category_015,1899.0
2013-04-08,Category_017,22.0
2013-04-08,Category_018,222.0
2013-04-08,Category_019,13385232.0
2013-04-08,Category_020,13016.0
2013-04-08,Category_021,18541.0
2013-04-08,Category_022,443.0
2013-04-08,Category_023,30546.0
2013-04-08,Category_024,2850.0
2013-04-08,Category_025,6000.0
2013-04-08,Category_026,1171.0
2013-04-08,Category_028,129722.0
2013-04-08,Category_030,162500.0
2013-04-08,Category_031,55.0
2013-04-08,Category_032,2250.0
2013-04-08,Category_033,140000.0
2013-04-15,Category_001,5521.0
2013-04-15,Category_003,1882.0
2013-04-15,Category_004,73.0
2013-04-15,Category_005,618375.0
2013-04-15,Category_006,1156922.0
2013-04-15,Category_007,400443.0
2013-04-15,Category_008,62.0
2013-04-15,Category_009,14623.0
2013-04-15,Category_010,18.0
2013-04-15,Category_011,5528.0
2013-04-15,Category_012,5.0
2013-04-15,Category_013,306.0
2013-04-15,Category_015,1939.0
2013-04-15,Category_017,43.0
2013-04-15,Category_018,307.0
2013-04-15,Category_019,15745664.0
2013-04-15,Category_020,6300.0
2013-04-15,Category_021,16376.0
2013-04-15,Category_022,5124.0
2013-04-15,Category_023,9901.0
2013-04-15,Category_024,4934.0
2013-04-15,Category_026,993.0
2013-04-15,Category_028,210028.0
2013-04-15,Category_029,387.0
2013-04-15,Category_030,148700.0
2013-04-15,Category_031,33.0
2013-04-15,Category_032,898.0
2013-04-15,Category_033,100000.0
2013-04-22,Category_001,6592.0
2013-04-22,Category_003,957.0
2013-04-22,Category_004,520.0
2013-04-22,Category_005,544250.0
2013-04-22,Category_006,2065942.0
2013-04-22,Category_007,542210.0
2013-04-22,Category_008,134.0
2013-04-22,Category_009,36839.0
2013-04-22,Category_010,11.0
2013-04-22,Category_011,5118.0
2013-04-22,Category_012,-4.0
2013-04-22,Category_013,5304.0
2013-04-22,Category_015,2963.0
2013-04-22,Category_017,11.0
2013-04-22,Category_018,343.0
2013-04-22,Category_019,17773295.0
2013-04-22,Category_020,-1077.0
2013-04-22,Category_021,21975.0
2013-04-22,Category_022,258.0
2013-04-22,Category_023,10405.0
2013-04-22,Category_024,3366.0
2013-04-22,Category_026,736.0
2013-04-22,Category_028,140608.0
2013-04-22,Category_029,82.0
2013-04-22,Category_030,227550.0
2013-04-22,Category_031,72.0
2013-04-22,Category_032,5074.0
2013-04-22,Category_033,160000.0
2013-04-29,Category_001,2762.0
2013-04-29,Category_003,833.0
2013-04-29,Category_004,600.0
2013-04-29,Category_005,566670.0
2013-04-29,Category_006,997123.0
2013-04-29,Category_007,728471.0
2013-04-29,Category_008,35.0
2013-04-29,Category_009,14828.0
2013-04-29,Category_011,17053.0
2013-04-29,Category_012,-2.0
2013-04-29,Category_013,452.0
2013-04-29,Category_014,1.0
2013-04-29,Category_015,1190.0
2013-04-29,Category_017,87.0
2013-04-29,Category_018,55.0
2013-04-29,Category_019,10711180.0
2013-04-29,Category_020,11865.0
2013-04-29,Category_021,7305.0
2013-04-29,Category_022,2449.0
2013-04-29,Category_023,2362.0
2013-04-29,Category_024,2895.0
2013-04-29,Category_026,602.0
2013-04-29,Category_028,52945.0
2013-04-29,Category_029,60.0
2013-04-29,Category_030,108700.0
2013-04-29,Category_031,36.0
2013-04-29,Category_032,26656.0
2013-04-29,Category_033,60000.0
2013-05-06,Category_001,4216.0
2013-05-06,Category_003,3291.0
2013-05-06,Category_004,960.0
2013-05-06,Category_005,564545.0
2013-05-06,Category_006,1812523.0
2013-05-06,Category_007,202455.0
2013-05-06,Category_009,16753.0
2013-05-06,Category_010,0.0
2013-05-06,Category_011,12591.0
2013-05-06,Category_012,13.0
2013-05-06,Category_013,1266.0
2013-05-06,Category_015,2891.0
2013-05-06,Category_017,2666.0
2013-05-06,Category_018,307.0
2013-05-06,Category_019,15302200.0
2013-05-06,Category_020,6153.0
2013-05-06,Category_021,14206.0
2013-05-06,Category_022,1169.0
2013-05-06,Category_023,14780.0
2013-05-06,Category_024,3302.0
2013-05-06,Category_026,982.0
2013-05-06,Category_028,292102.0
2013-05-06,Category_029,40.0
2013-05-06,Category_030,85700.0
2013-05-06,Category_031,68.0
2013-05-06,Category_032,6904.0
2013-05-06,Category_033,60000.0
2013-05-13,Category_001,5730.0
2013-05-13,Category_003,1111.0
2013-05-13,Category_004,960.0
2013-05-13,Category_005,997825.0
2013-05-13,Category_006,1449013.0
2013-05-13,Category_007,603519.0
2013-05-13,Category_008,44.0
2013-05-13,Category_009,11306.0
2013-05-13,Category_010,180.0
2013-05-13,Category_011,6166.0
2013-05-13,Category_012,1.0
2013-05-13,Category_013,918.0
2013-05-13,Category_014,1.0
2013-05-13,Category_015,1441.0
2013-05-13,Category_018,252.0
2013-05-13,Category_019,15756780.0
2013-05-13,Category_020,9081.0
2013-05-13,Category_021,17415.0
2013-05-13,Category_022,1600.0
2013-05-13,Category_023,24637.0
2013-05-13,Category_024,4661.0
2013-05-13,Category_026,1024.0
2013-05-13,Category_028,124561.0
2013-05-13,Category_029,40.0
2013-05-13,Category_030,173700.0
2013-05-13,Category_031,53.0
2013-05-13,Category_032,2022.0
2013-05-13,Category_033,140000.0
2013-05-20,Category_001,4641.0
2013-05-20,Category_003,1337.0
2013-05-20,Category_004,400.0
2013-05-20,Category_005,814585.0
2013-05-20,Category_006,2129209.0
2013-05-20,Category_007,593139.0
2013-05-20,Category_008,16.0
2013-05-20,Category_009,10382.0
2013-05-20,Category_010,204.0
2013-05-20,Category_011,9380.0
2013-05-20,Category_012,4.0
2013-05-20,Category_013,1913.0
2013-05-20,Category_015,2681.0
2013-05-20,Category_018,250.0
2013-05-20,Category_019,12960225.0
2013-05-20,Category_020,8102.0
2013-05-20,Category_021,12010.0
2013-05-20,Category_022,535.0
2013-05-20,Category_023,7830.0
2013-05-20,Category_024,13241.0
2013-05-20,Category_026,793.0
2013-05-20,Category_028,103748.0
2013-05-20,Category_029,180.0
2013-05-20,Category_030,67650.0
2013-05-20,Category_031,49.0
2013-05-20,Category_032,8150.0
2013-05-20,Category_033,290000.0
2013-05-27,Category_001,4498.0
2013-05-27,Category_003,1758.0
2013-05-27,Category_005,660480.0
2013-05-27,Category_006,1388869.0
2013-05-27,Category_007,882950.0
2013-05-27,Category_008,16.0
2013-05-27,Category_009,8133.0
2013-05-27,Category_010,17.0
2013-05-27,Category_011,3182.0
2013-05-27,Category_012,10.0
2013-05-27,Category_013,85.0
2013-05-27,Category_015,2884.0
2013-05-27,Category_017,1.0
2013-05-27,Category_018,228.0
2013-05-27,Category_019,16615973.0
2013-05-27,Category_020,14283.0
2013-05-27,Category_021,16345.0
2013-05-27,Category_022,4259.0
2013-05-27,Category_023,3370.0
2013-05-27,Category_024,4140.0
2013-05-27,Category_026,680.0
2013-05-27,Category_028,127738.0
2013-05-27,Category_029,470.0
2013-05-27,Category_030,171300.0
2013-05-27,Category_031,102.0
2013-05-27,Category_032,17318.0
2013-05-27,Category_033,150000.0
2013-06-03,Category_001,7251.0
2013-06-03,Category_003,717.0
2013-06-03,Category_005,788995.0
2013-06-03,Category_006,1620534.0
2013-06-03,Category_007,131383.0
2013-06-03,Category_008,63.0
2013-06-03,Category_009,3353.0
2013-06-03,Category_011,23152.0
2013-06-03,Category_013,324.0
2013-06-03,Category_015,4238.0
2013-06-03,Category_017,17.0
2013-06-03,Category_018,280.0
2013-06-03,Category_019,17901390.0
2013-06-03,Category_020,19953.0
2013-06-03,Category_021,19612.0
2013-06-03,Category_022,1048.0
2013-06-03,Category_023,6516.0
2013-06-03,Category_024,3489.0
2013-06-03,Category_026,1233.0
2013-06-03,Category_028,194929.0
2013-06-03,Category_030,286600.0
2013-06-03,Category_031,24.0
2013-06-03,Category_032,52490.0
2013-06-03,Category_033,130000.0
2013-06-10,Category_001,5312.0
2013-06-10,Category_002,7.0
2013-06-10,Category_003,1008.0
2013-06-10,Category_004,200.0
2013-06-10,Category_005,595600.0
2013-06-10,Category_006,1610612.0
2013-06-10,Category_007,336783.0
2013-06-10,Category_008,4.0
2013-06-10,Category_009,11011.0
2013-06-10,Category_010,10.0
2013-06-10,Category_011,3939.0
2013-06-10,Category_013,989.0
2013-06-10,Category_015,1628.0
2013-06-10,Category_018,260.0
2013-06-10,Category_019,16201880.0
2013-06-10,Category_020,8597.0
2013-06-10,Category_021,8614.0
2013-06-10,Category_022,908.0
2013-06-10,Category_023,24880.0
2013-06-10,Category_024,1907.0
2013-06-10,Category_026,1007.0
2013-06-10,Category_028,117110.0
2013-06-10,Category_029,120.0
2013-06-10,Category_030,167300.0
2013-06-10,Category_031,50.0
2013-06-10,Category_032,16406.0
2013-06-10,Category_033,130000.0
2013-06-17,Category_001,4844.0
2013-06-17,Category_002,2.0
2013-06-17,Category_003,875.0
2013-06-17,Category_004,160.0
2013-06-17,Category_005,621575.0
2013-06-17,Category_006,890289.0
2013-06-17,Category_007,506189.0
2013-06-17,Category_008,60.0
2013-06-17,Category_009,21596.0
2013-06-17,Category_011,3782.0
2013-06-17,Category_012,3.0
2013-06-17,Category_013,243.0
2013-06-17,Category_015,3470.0
2013-06-17,Category_017,1007.0
2013-06-17,Category_018,356.0
2013-06-17,Category_019,13353627.0
2013-06-17,Category_020,3262.0
2013-06-17,Category_021,13340.0
2013-06-17,Category_022,3410.0
2013-06-17,Category_023,8441.0
2013-06-17,Category_024,8049.0
2013-06-17,Category_026,2180.0
2013-06-17,Category_028,130056.0
2013-06-17,Category_029,30.0
2013-06-17,Category_030,106550.0
2013-06-17,Category_031,362.0
2013-06-17,Category_032,2046.0
2013-06-17,Category_033,320000.0
2013-06-24,Category_001,5459.0
2013-06-24,Category_003,2339.0
2013-06-24,Category_004,1180.0
2013-06-24,Category_005,842400.0
2013-06-24,Category_006,1775656.0
2013-06-24,Category_007,1206035.0
2013-06-24,Category_008,34.0
2013-06-24,Category_009,14132.0
2013-06-24,Category_010,3.0
2013-06-24,Category_011,12959.0
2013-06-24,Category_013,552.0
2013-06-24,Category_015,4417.0
2013-06-24,Category_017,10.0
2013-06-24,Category_018,264.0
2013-06-24,Category_019,15385940.0
2013-06-24,Category_020,9012.0
2013-06-24,Category_021,26363.0
2013-06-24,Category_022,1230.0
2013-06-24,Category_023,1595.0
2013-06-24,Category_024,4130.0
2013-06-24,Category_026,591.0
2013-06-24,Category_028,216796.0
2013-06-24,Category_029,-80.0
2013-06-24,Category_030,220550.0
2013-06-24,Category_031,38.0
2013-06-24,Category_032,1394.0
2013-06-24,Category_033,220000.0
2013-07-01,Category_001,4995.0
2013-07-01,Category_003,1804.0
2013-07-01,Category_004,1125.0
2013-07-01,Category_005,740485.0
2013-07-01,Category_006,1414814.0
2013-07-01,Category_007,350483.0
2013-07-01,Category_008,31.0
2013-07-01,Category_009,11445.0
2013-07-01,Category_010,267.0
2013-07-01,Category_011,4243.0
2013-07-01,Category_012,1.0
2013-07-01,Category_013,2543.0
2013-07-01,Category_015,6569.0
2013-07-01,Category_017,3.0
2013-07-01,Category_018,284.0
2013-07-01,Category_019,15515817.0
2013-07-01,Category_020,5431.0
2013-07-01,Category_021,25174.0
2013-07-01,Category_022,3164.0
2013-07-01,Category_023,9915.0
2013-07-01,Category_024,2669.0
2013-07-01,Category_026,1292.0
2013-07-01,Category_028,196542.0
2013-07-01,Category_030,208100.0
2013-07-01,Category_031,244.0
2013-07-01,Category_032,16424.0
2013-07-01,Category_033,120000.0
2013-07-08,Category_001,6339.0
2013-07-08,Category_003,1207.0
2013-07-08,Category_005,490490.0
2013-07-08,Category_006,1748235.0
2013-07-08,Category_007,346546.0
2013-07-08,Category_008,73.0
2013-07-08,Category_009,22198.0
2013-07-08,Category_010,674.0
2013-07-08,Category_011,12688.0
2013-07-08,Category_012,1.0
2013-07-08,Category_013,508.0
2013-07-08,Category_015,2829.0
2013-07-08,Category_017,1.0
2013-07-08,Category_018,230.0
2013-07-08,Category_019,13053846.0
2013-07-08,Category_020,7477.0
2013-07-08,Category_021,17176.0
2013-07-08,Category_022,348.0
2013-07-08,Category_023,8351.0
2013-07-08,Category_024,3640.0
2013-07-08,Category_026,641.0
2013-07-08,Category_028,155151.0
2013-07-08,Category_029,270.0
2013-07-08,Category_030,177000.0
2013-07-08,Category_031,91.0
2013-07-08,Category_032,6492.0
2013-07-08,Category_033,150000.0
2013-07-15,Category_001,6762.0
2013-07-15,Category_003,2780.0
2013-07-15,Category_004,420.0
2013-07-15,Category_005,683145.0
2013-07-15,Category_006,1432249.0
2013-07-15,Category_007,208024.0
2013-07-15,Category_008,17.0
2013-07-15,Category_009,6931.0
2013-07-15,Category_010,566.0
2013-07-15,Category_011,7489.0
2013-07-15,Category_012,539.0
2013-07-15,Category_013,367.0
2013-07-15,Category_015,2191.0
2013-07-15,Category_017,305.0
2013-07-15,Category_018,130.0
2013-07-15,Category_019,15318804.0
2013-07-15,Category_020,2720.0
2013-07-15,Category_021,22191.0
2013-07-15,Category_022,4951.0
2013-07-15,Category_023,13404.0
2013-07-15,Category_024,3864.0
2013-07-15,Category_026,595.0
2013-07-15,Category_028,159113.0
2013-07-15,Category_030,460800.0
2013-07-15,Category_031,10.0
2013-07-15,Category_032,6972.0
2013-07-15,Category_033,120000.0
2013-07-22,Category_001,7377.0
2013-07-22,Category_003,987.0
2013-07-22,Category_004,40.0
2013-07-22,Category_005,899750.0
2013-07-22,Category_006,2015066.0
2013-07-22,Category_007,301727.0
2013-07-22,Category_008,15.0
2013-07-22,Category_009,11436.0
2013-07-22,Category_010,22.0
2013-07-22,Category_011,6095.0
2013-07-22,Category_013,382.0
2013-07-22,Category_015,1606.0
2013-07-22,Category_017,4031.0
2013-07-22,Category_018,179.0
2013-07-22,Category_019,17771241.0
2013-07-22,Category_020,5371.0
2013-07-22,Category_021,11572.0
2013-07-22,Category_022,1695.0
2013-07-22,Category_023,58970.0
2013-07-22,Category_024,3610.0
2013-07-22,Category_026,789.0
2013-07-22,Category_028,150776.0
2013-07-22,Category_029,92.0
2013-07-22,Category_030,80750.0
2013-07-22,Category_031,104.0
2013-07-22,Category_032,67962.0
2013-07-22,Category_033,110000.0
2013-07-29,Category_001,8301.0
2013-07-29,Category_003,577.0
2013-07-29,Category_004,400.0
2013-07-29,Category_005,730510.0
2013-07-29,Category_006,2215782.0
2013-07-29,Category_007,251379.0
2013-07-29,Category_008,1.0
2013-07-29,Category_009,14848.0
2013-07-29,Category_010,10.0
2013-07-29,Category_011,6397.0
2013-07-29,Category_012,12.0
2013-07-29,Category_013,452.0
2013-07-29,Category_014,1.0
2013-07-29,Category_015,2168.0
2013-07-29,Category_018,128.0
2013-07-29,Category_019,18525270.0
2013-07-29,Category_020,1008.0
2013-07-29,Category_021,23037.0
2013-07-29,Category_022,467.0
2013-07-29,Category_023,12825.0
2013-07-29,Category_024,4805.0
2013-07-29,Category_026,923.0
2013-07-29,Category_028,197121.0
2013-07-29,Category_029,2.0
2013-07-29,Category_030,210900.0
2013-07-29,Category_031,73.0
2013-07-29,Category_032,18162.0
2013-07-29,Category_033,190000.0
2013-08-05,Category_001,4793.0
2013-08-05,Category_003,2429.0
2013-08-05,Category_005,607195.0
2013-08-05,Category_006,891677.0
2013-08-05,Category_007,397732.0
2013-08-05,Category_008,6.0
2013-08-05,Category_009,19275.0
2013-08-05,Category_010,30.0
2013-08-05,Category_011,3510.0
2013-08-05,Category_013,428.0
2013-08-05,Category_015,1660.0
2013-08-05,Category_017,72.0
2013-08-05,Category_018,71.0
2013-08-05,Category_019,15265584.0
2013-08-05,Category_020,1190.0
2013-08-05,Category_021,25810.0
2013-08-05,Category_022,730.0
2013-08-05,Category_023,5701.0
2013-08-05,Category_024,5138.0
2013-08-05,Category_026,1090.0
2013-08-05,Category_028,177929.0
2013-08-05,Category_029,50.0
2013-08-05,Category_030,71900.0
2013-08-05,Category_031,31.0
2013-08-05,Category_032,25084.0
2013-08-05,Category_033,250000.0
2013-08-12,Category_001,2172.0
2013-08-12,Category_003,2080.0
2013-08-12,Category_005,378025.0
2013-08-12,Category_006,771589.0
2013-08-12,Category_007,340798.0
2013-08-12,Category_009,9186.0
2013-08-12,Category_010,27.0
2013-08-12,Category_011,15440.0
2013-08-12,Category_012,1.0
2013-08-12,Category_013,800.0
2013-08-12,Category_015,1307.0
2013-08-12,Category_017,51.0
2013-08-12,Category_018,318.0
2013-08-12,Category_019,8658311.0
2013-08-12,Category_020,2825.0
2013-08-12,Category_021,5846.0
2013-08-12,Category_022,2235.0
2013-08-12,Category_023,34850.0
2013-08-12,Category_024,1392.0
2013-08-12,Category_026,1476.0
2013-08-12,Category_028,151035.0
2013-08-12,Category_029,483.0
2013-08-12,Category_030,1002900.0
2013-08-12,Category_031,1.0
2013-08-12,Category_032,7900.0
2013-08-12,Category_033,10000.0
2013-08-19,Category_001,8459.0
2013-08-19,Category_002,4.0
2013-08-19,Category_003,593.0
2013-08-19,Category_004,220.0
2013-08-19,Category_005,706900.0
2013-08-19,Category_006,1984704.0
2013-08-19,Category_007,703289.0
2013-08-19,Category_008,26.0
2013-08-19,Category_009,13929.0
2013-08-19,Category_010,66.0
2013-08-19,Category_011,8992.0
2013-08-19,Category_012,6.0
2013-08-19,Category_013,2777.0
2013-08-19,Category_015,1214.0
2013-08-19,Category_017,4.0
2013-08-19,Category_018,205.0
2013-08-19,Category_019,17532684.0
2013-08-19,Category_020,934.0
2013-08-19,Category_021,13816.0
2013-08-19,Category_022,865.0
2013-08-19,Category_023,3075.0
2013-08-19,Category_024,5228.0
2013-08-19,Category_026,2567.0
2013-08-19,Category_028,210961.0
2013-08-19,Category_029,140.0
2013-08-19,Category_030,183900.0
2013-08-19,Category_031,34.0
2013-08-19,Category_032,19564.0
2013-08-19,Category_033,70000.0
2013-08-26,Category_001,5620.0
2013-08-26,Category_002,41.0
2013-08-26,Category_003,3562.0
2013-08-26,Category_004,4120.0
2013-08-26,Category_005,944475.0
2013-08-26,Category_006,994874.0
2013-08-26,Category_007,916695.0
2013-08-26,Category_008,10.0
2013-08-26,Category_009,19413.0
2013-08-26,Category_010,56.0
2013-08-26,Category_011,16541.0
2013-08-26,Category_012,1.0
2013-08-26,Category_013,252.0
2013-08-26,Category_015,4768.0
2013-08-26,Category_017,3.0
2013-08-26,Category_018,131.0
2013-08-26,Category_019,14268252.0
2013-08-26,Category_020,14800.0
2013-08-26,Category_021,24292.0
2013-08-26,Category_022,2920.0
2013-08-26,Category_023,3261.0
2013-08-26,Category_024,6277.0
2013-08-26,Category_026,1438.0
2013-08-26,Category_028,335039.0
2013-08-26,Category_029,63.0
2013-08-26,Category_030,72300.0
2013-08-26,Category_031,55.0
2013-08-26,Category_032,2590.0
2013-08-26,Category_033,130000.0
2013-09-02,Category_001,8707.0
2013-09-02,Category_003,5516.0
2013-09-02,Category_004,1200.0
2013-09-02,Category_005,726350.0
2013-09-02,Category_006,2811016.0
2013-09-02,Category_007,187795.0
2013-09-02,Category_008,59.0
2013-09-02,Category_009,37754.0
2013-09-02,Category_010,33.0
2013-09-02,Category_011,4309.0
2013-09-02,Category_013,725.0
2013-09-02,Category_015,1869.0
2013-09-02,Category_017,3000.0
2013-09-02,Category_018,414.0
2013-09-02,Category_019,20204317.0
2013-09-02,Category_020,2127.0
2013-09-02,Category_021,21038.0
2013-09-02,Category_022,4133.0
2013-09-02,Category_023,12000.0
2013-09-02,Category_024,2205.0
2013-09-02,Category_026,1384.0
2013-09-02,Category_028,135267.0
2013-09-02,Category_029,80.0
2013-09-02,Category_030,191550.0
2013-09-02,Category_031,26.0
2013-09-02,Category_032,20020.0
2013-09-02,Category_033,100000.0
2013-09-09,Category_001,6113.0
2013-09-09,Category_002,22.0
2013-09-09,Category_003,1589.0
2013-09-09,Category_005,787900.0
2013-09-09,Category_006,1519002.0
2013-09-09,Category_007,442636.0
2013-09-09,Category_008,16.0
2013-09-09,Category_009,22238.0
2013-09-09,Category_010,17.0
2013-09-09,Category_011,5891.0
2013-09-09,Category_013,586.0
2013-09-09,Category_015,2451.0
2013-09-09,Category_017,8.0
2013-09-09,Category_018,243.0
2013-09-09,Category_019,14827312.0
2013-09-09,Category_020,4322.0
2013-09-09,Category_021,23127.0
2013-09-09,Category_022,3251.0
2013-09-09,Category_023,6254.0
2013-09-09,Category_024,2991.0
2013-09-09,Category_026,836.0
2013-09-09,Category_028,201275.0
2013-09-09,Category_029,90.0
2013-09-09,Category_030,315600.0
2013-09-09,Category_031,69.0
2013-09-09,Category_032,13948.0
2013-09-09,Category_033,140000.0
2013-09-16,Category_001,5290.0
2013-09-16,Category_003,896.0
2013-09-16,Category_004,560.0
2013-09-16,Category_005,707000.0
2013-09-16,Category_006,1121532.0
2013-09-16,Category_007,202052.0
2013-09-16,Category_008,40.0
2013-09-16,Category_009,14744.0
2013-09-16,Category_010,20.0
2013-09-16,Category_011,14182.0
2013-09-16,Category_013,375.0
2013-09-16,Category_015,5267.0
2013-09-16,Category_018,230.0
2013-09-16,Category_019,12131397.0
2013-09-16,Category_020,4444.0
2013-09-16,Category_021,14318.0
2013-09-16,Category_022,1780.0
2013-09-16,Category_023,33150.0
2013-09-16,Category_024,5057.0
2013-09-16,Category_026,866.0
2013-09-16,Category_028,274873.0
2013-09-16,Category_029,12.0
2013-09-16,Category_030,96600.0
2013-09-16,Category_031,11.0
2013-09-16,Category_032,11910.0
2013-09-16,Category_033,120000.0
2013-09-23,Category_001,4616.0
2013-09-23,Category_002,9.0
2013-09-23,Category_003,2762.0
2013-09-23,Category_004,900.0
2013-09-23,Category_005,691000.0
2013-09-23,Category_006,1408369.0
2013-09-23,Category_007,331120.0
2013-09-23,Category_008,4.0
2013-09-23,Category_009,27443.0
2013-09-23,Category_010,72.0
2013-09-23,Category_011,3614.0
2013-09-23,Category_012,4.0
2013-09-23,Category_013,4499.0
2013-09-23,Category_015,2334.0
2013-09-23,Category_017,3.0
2013-09-23,Category_018,428.0
2013-09-23,Category_019,14678655.0
2013-09-23,Category_020,5873.0
2013-09-23,Category_021,18480.0
2013-09-23,Category_022,4370.0
2013-09-23,Category_023,6131.0
2013-09-23,Category_024,3557.0
2013-09-23,Category_026,629.0
2013-09-23,Category_028,260531.0
2013-09-23,Category_029,1.0
2013-09-23,Category_030,207400.0
2013-09-23,Category_031,72.0
2013-09-23,Category_032,43076.0
2013-09-23,Category_033,300000.0
2013-09-30,Category_001,4177.0
2013-09-30,Category_002,4.0
2013-09-30,Category_003,740.0
2013-09-30,Category_004,640.0
2013-09-30,Category_005,785775.0
2013-09-30,Category_006,2495180.0
2013-09-30,Category_007,1199099.0
2013-09-30,Category_008,132.0
2013-09-30,Category_009,13119.0
2013-09-30,Category_010,2.0
2013-09-30,Category_011,4268.0
2013-09-30,Category_012,5.0
2013-09-30,Category_013,2623.0
2013-09-30,Category_015,2141.0
2013-09-30,Category_017,2012.0
2013-09-30,Category_018,425.0
2013-09-30,Category_019,17849156.0
2013-09-30,Category_020,8219.0
2013-09-30,Category_021,25248.0
2013-09-30,Category_022,2636.0
2013-09-30,Category_023,2511.0
2013-09-30,Category_024,6134.0
2013-09-30,Category_026,1306.0
2013-09-30,Category_028,211588.0
2013-09-30,Category_029,104.0
2013-09-30,Category_030,59750.0
2013-09-30,Category_031,69.0
2013-09-30,Category_032,4664.0
2013-09-30,Category_033,230000.0
2013-10-07,Category_001,5619.0
2013-10-07,Category_003,2903.0
2013-10-07,Category_005,615160.0
2013-10-07,Category_006,1887087.0
2013-10-07,Category_007,428920.0
2013-10-07,Category_008,276.0
2013-10-07,Category_009,14950.0
2013-10-07,Category_010,48.0
2013-10-07,Category_011,8338.0
2013-10-07,Category_012,11.0
2013-10-07,Category_013,1368.0
2013-10-07,Category_015,3122.0
2013-10-07,Category_017,16.0
2013-10-07,Category_018,61.0
2013-10-07,Category_019,22894462.0
2013-10-07,Category_020,8960.0
2013-10-07,Category_021,11424.0
2013-10-07,Category_022,2930.0
2013-10-07,Category_023,3155.0
2013-10-07,Category_024,3576.0
2013-10-07,Category_026,655.0
2013-10-07,Category_028,160701.0
2013-10-07,Category_029,40.0
2013-10-07,Category_030,169300.0
2013-10-07,Category_031,64.0
2013-10-07,Category_032,1604.0
2013-10-07,Category_033,60000.0
2013-10-14,Category_001,5734.0
2013-10-14,Category_003,2492.0
2013-10-14,Category_004,1320.0
2013-10-14,Category_005,675650.0
2013-10-14,Category_006,1219730.0
2013-10-14,Category_007,525645.0
2013-10-14,Category_008,17.0
2013-10-14,Category_009,6657.0
2013-10-14,Category_011,5831.0
2013-10-14,Category_013,919.0
2013-10-14,Category_015,2812.0
2013-10-14,Category_017,2001.0
2013-10-14,Category_018,52.0
2013-10-14,Category_019,13436150.0
2013-10-14,Category_020,25853.0
2013-10-14,Category_021,13128.0
2013-10-14,Category_022,3096.0
2013-10-14,Category_023,8106.0
2013-10-14,Category_024,1484.0
2013-10-14,Category_026,731.0
2013-10-14,Category_028,94608.0
2013-10-14,Category_029,170.0
2013-10-14,Category_030,198900.0
2013-10-14,Category_031,20.0
2013-10-14,Category_032,14792.0
2013-10-14,Category_033,50000.0
2013-10-21,Category_001,5894.0
2013-10-21,Category_002,25.0
2013-10-21,Category_003,1507.0
2013-10-21,Category_004,100.0
2013-10-21,Category_005,1054275.0
2013-10-21,Category_006,1722127.0
2013-10-21,Category_007,791048.0
2013-10-21,Category_008,107.0
2013-10-21,Category_009,14684.0
2013-10-21,Category_010,15.0
2013-10-21,Category_011,16520.0
2013-10-21,Category_013,19734.0
2013-10-21,Category_015,3269.0
2013-10-21,Category_017,104.0
2013-10-21,Category_018,93.0
2013-10-21,Category_019,18005618.0
2013-10-21,Category_020,12021.0
2013-10-21,Category_021,12821.0
2013-10-21,Category_022,3797.0
2013-10-21,Category_023,12511.0
2013-10-21,Category_024,5728.0
2013-10-21,Category_026,773.0
2013-10-21,Category_028,181513.0
2013-10-21,Category_029,172.0
2013-10-21,Category_030,114100.0
2013-10-21,Category_031,27.0
2013-10-21,Category_032,2000.0
2013-10-21,Category_033,100000.0
2013-10-28,Category_001,9280.0
2013-10-28,Category_003,2103.0
2013-10-28,Category_005,608600.0
2013-10-28,Category_006,2624022.0
2013-10-28,Category_007,607431.0
2013-10-28,Category_008,26.0
2013-10-28,Category_009,17964.0
2013-10-28,Category_010,4.0
2013-10-28,Category_011,16908.0
2013-10-28,Category_013,4999.0
2013-10-28,Category_015,3770.0
2013-10-28,Category_017,20.0
2013-10-28,Category_018,315.0
2013-10-28,Category_019,17220979.0
2013-10-28,Category_020,5925.0
2013-10-28,Category_021,24143.0
2013-10-28,Category_022,4979.0
2013-10-28,Category_023,16905.0
2013-10-28,Category_024,13601.0
2013-10-28,Category_026,653.0
2013-10-28,Category_028,213791.0
2013-10-28,Category_029,50.0
2013-10-28,Category_030,168800.0
2013-10-28,Category_031,-37.0
2013-10-28,Category_032,56694.0
2013-10-28,Category_033,200000.0
2013-11-04,Category_001,3829.0
2013-11-04,Category_002,8.0
2013-11-04,Category_003,2174.0
2013-11-04,Category_004,1180.0
2013-11-04,Category_005,751025.0
2013-11-04,Category_006,1660167.0
2013-11-04,Category_007,517016.0
2013-11-04,Category_008,432.0
2013-11-04,Category_009,8386.0
2013-11-04,Category_010,96.0
2013-11-04,Category_011,4553.0
2013-11-04,Category_013,8910.0
2013-11-04,Category_015,3066.0
2013-11-04,Category_018,275.0
2013-11-04,Category_019,16475189.0
2013-11-04,Category_020,44703.0
2013-11-04,Category_021,14694.0
2013-11-04,Category_022,682.0
2013-11-04,Category_023,4670.0
2013-11-04,Category_024,3169.0
2013-11-04,Category_025,8000.0
2013-11-04,Category_026,621.0
2013-11-04,Category_028,128888.0
2013-11-04,Category_030,133650.0
2013-11-04,Category_031,24.0
2013-11-04,Category_032,82252.0
2013-11-04,Category_033,210000.0
2013-11-11,Category_001,7904.0
2013-11-11,Category_003,1472.0
2013-11-11,Category_005,621500.0
2013-11-11,Category_006,1256220.0
2013-11-11,Category_007,484318.0
2013-11-11,Category_008,76.0
2013-11-11,Category_009,28358.0
2013-11-11,Category_010,31.0
2013-11-11,Category_011,7038.0
2013-11-11,Category_012,25.0
2013-11-11,Category_013,11184.0
2013-11-11,Category_015,5222.0
2013-11-11,Category_017,2.0
2013-11-11,Category_018,250.0
2013-11-11,Category_019,19512302.0
2013-11-11,Category_020,2944.0
2013-11-11,Category_021,23960.0
2013-11-11,Category_022,1730.0
2013-11-11,Category_023,6455.0
2013-11-11,Category_024,6108.0
2013-11-11,Category_025,3000.0
2013-11-11,Category_026,932.0
2013-11-11,Category_028,228123.0
2013-11-11,Category_029,150.0
2013-11-11,Category_030,143450.0
2013-11-11,Category_031,101.0
2013-11-11,Category_032,7042.0
2013-11-11,Category_033,80000.0
2013-11-18,Category_001,6848.0
2013-11-18,Category_003,879.0
2013-11-18,Category_005,688275.0
2013-11-18,Category_006,1950392.0
2013-11-18,Category_007,379624.0
2013-11-18,Category_008,77.0
2013-11-18,Category_009,13953.0
2013-11-18,Category_010,4.0
2013-11-18,Category_011,7623.0
2013-11-18,Category_013,3402.0
2013-11-18,Category_014,2.0
2013-11-18,Category_015,3378.0
2013-11-18,Category_017,1653.0
2013-11-18,Category_018,124.0
2013-11-18,Category_019,19141237.0
2013-11-18,Category_020,2110.0
2013-11-18,Category_021,14325.0
2013-11-18,Category_022,4701.0
2013-11-18,Category_023,16332.0
2013-11-18,Category_024,2748.0
2013-11-18,Category_025,40000.0
2013-11-18,Category_026,1348.0
2013-11-18,Category_028,161730.0
2013-11-18,Category_029,70.0
2013-11-18,Category_030,117400.0
2013-11-18,Category_031,22.0
2013-11-18,Category_032,17224.0
2013-11-18,Category_033,200000.0
2013-11-25,Category_001,5198.0
2013-11-25,Category_002,3.0
2013-11-25,Category_003,2073.0
2013-11-25,Category_004,520.0
2013-11-25,Category_005,662445.0
2013-11-25,Category_006,1408350.0
2013-11-25,Category_007,559187.0
2013-11-25,Category_008,8.0
2013-11-25,Category_009,17857.0
2013-11-25,Category_011,9513.0
2013-11-25,Category_012,4.0
2013-11-25,Category_013,660.0
2013-11-25,Category_015,2669.0
2013-11-25,Category_018,238.0
2013-11-25,Category_019,19198958.0
2013-11-25,Category_020,16560.0
2013-11-25,Category_021,16220.0
2013-11-25,Category_022,6243.0
2013-11-25,Category_023,49740.0
2013-11-25,Category_024,2899.0
2013-11-25,Category_025,41000.0
2013-11-25,Category_026,1444.0
2013-11-25,Category_028,145906.0
2013-11-25,Category_029,82.0
2013-11-25,Category_030,97350.0
2013-11-25,Category_031,88.0
2013-11-25,Category_032,21696.0
2013-11-25,Category_033,160000.0
2013-12-02,Category_001,6539.0
2013-12-02,Category_003,2870.0
2013-12-02,Category_004,20.0
2013-12-02,Category_005,843520.0
2013-12-02,Category_006,2320086.0
2013-12-02,Category_007,991492.0
2013-12-02,Category_008,2.0
2013-12-02,Category_009,9970.0
2013-12-02,Category_010,41.0
2013-12-02,Category_011,9347.0
2013-12-02,Category_013,792.0
2013-12-02,Category_015,3280.0
2013-12-02,Category_017,4.0
2013-12-02,Category_018,133.0
2013-12-02,Category_019,17442096.0
2013-12-02,Category_020,20535.0
2013-12-02,Category_021,24492.0
2013-12-02,Category_022,3788.0
2013-12-02,Category_023,100930.0
2013-12-02,Category_024,8930.0
2013-12-02,Category_026,1280.0
2013-12-02,Category_028,264976.0
2013-12-02,Category_029,160.0
2013-12-02,Category_030,105200.0
2013-12-02,Category_031,60.0
2013-12-02,Category_032,17726.0
2013-12-02,Category_033,210000.0
2013-12-09,Category_001,7226.0
2013-12-09,Category_002,12.0
2013-12-09,Category_003,1441.0
2013-12-09,Category_004,380.0
2013-12-09,Category_005,911325.0
2013-12-09,Category_006,1176806.0
2013-12-09,Category_007,420582.0
2013-12-09,Category_008,112.0
2013-12-09,Category_009,13741.0
2013-12-09,Category_010,132.0
2013-12-09,Category_011,6545.0
2013-12-09,Category_013,1133.0
2013-12-09,Category_015,1816.0
2013-12-09,Category_018,156.0
2013-12-09,Category_019,16040838.0
2013-12-09,Category_020,14476.0
2013-12-09,Category_021,17766.0
2013-12-09,Category_022,2597.0
2013-12-09,Category_023,16670.0
2013-12-09,Category_024,2523.0
2013-12-09,Category_025,3000.0
2013-12-09,Category_026,1289.0
2013-12-09,Category_028,128353.0
2013-12-09,Category_029,340.0
2013-12-09,Category_030,220100.0
2013-12-09,Category_031,42.0
2013-12-09,Category_032,7948.0
2013-12-09,Category_033,200000.0
2013-12-16,Category_001,8423.0
2013-12-16,Category_003,2483.0
2013-12-16,Category_004,100.0
2013-12-16,Category_005,834175.0
2013-12-16,Category_006,2216652.0
2013-12-16,Category_007,276507.0
2013-12-16,Category_008,94.0
2013-12-16,Category_009,13438.0
2013-12-16,Category_010,27.0
2013-12-16,Category_011,6022.0
2013-12-16,Category_013,695.0
2013-12-16,Category_014,1.0
2013-12-16,Category_015,1268.0
2013-12-16,Category_017,2.0
2013-12-16,Category_018,449.0
2013-12-16,Category_019,18640724.0
2013-12-16,Category_020,3630.0
2013-12-16,Category_021,22305.0
2013-12-16,Category_022,1515.0
2013-12-16,Category_023,38272.0
2013-12-16,Category_024,4870.0
2013-12-16,Category_025,40000.0
2013-12-16,Category_026,1271.0
2013-12-16,Category_028,154749.0
2013-12-16,Category_029,140.0
2013-12-16,Category_030,107600.0
2013-12-16,Category_031,17.0
2013-12-16,Category_032,5076.0
2013-12-16,Category_033,160000.0
2013-12-23,Category_001,6449.0
2013-12-23,Category_003,778.0
2013-12-23,Category_004,660.0
2013-12-23,Category_005,553420.0
2013-12-23,Category_006,1058562.0
2013-12-23,Category_007,446819.0
2013-12-23,Category_008,11.0
2013-12-23,Category_009,36495.0
2013-12-23,Category_011,14607.0
2013-12-23,Category_013,212.0
2013-12-23,Category_015,844.0
2013-12-23,Category_018,20.0
2013-12-23,Category_019,15693868.0
2013-12-23,Category_020,7229.0
2013-12-23,Category_021,9392.0
2013-12-23,Category_022,78.0
2013-12-23,Category_023,75701.0
2013-12-23,Category_024,886.0
2013-12-23,Category_026,569.0
2013-12-23,Category_028,103728.0
2013-12-23,Category_030,-3850.0
2013-12-23,Category_031,5.0
2013-12-23,Category_032,18920.0
2013-12-23,Category_033,60000.0
2013-12-30,Category_001,686.0
2013-12-30,Category_002,4.0
2013-12-30,Category_003,1700.0
2013-12-30,Category_005,347800.0
2013-12-30,Category_006,288600.0
2013-12-30,Category_007,17340.0
2013-12-30,Category_009,7254.0
2013-12-30,Category_010,2.0
2013-12-30,Category_011,11035.0
2013-12-30,Category_013,400.0
2013-12-30,Category_015,784.0
2013-12-30,Category_018,8.0
2013-12-30,Category_019,4480571.0
2013-12-30,Category_020,4287.0
2013-12-30,Category_021,8384.0
2013-12-30,Category_022,1646.0
2013-12-30,Category_023,42100.0
2013-12-30,Category_024,774.0
2013-12-30,Category_026,186.0
2013-12-30,Category_028,137805.0
2013-12-30,Category_029,80.0
2013-12-30,Category_030,98500.0
2013-12-30,Category_031,10.0
2013-12-30,Category_032,30810.0
2014-01-06,Category_001,6300.0
2014-01-06,Category_002,4.0
2014-01-06,Category_003,3119.0
2014-01-06,Category_004,800.0
2014-01-06,Category_005,908925.0
2014-01-06,Category_006,2031314.0
2014-01-06,Category_007,1098151.0
2014-01-06,Category_008,72.0
2014-01-06,Category_009,26483.0
2014-01-06,Category_010,27.0
2014-01-06,Category_011,12527.0
2014-01-06,Category_012,446.0
2014-01-06,Category_013,551.0
2014-01-06,Category_014,2.0
2014-01-06,Category_015,5005.0
2014-01-06,Category_018,81.0
2014-01-06,Category_019,20685101.0
2014-01-06,Category_020,4250.0
2014-01-06,Category_021,15618.0
2014-01-06,Category_022,5573.0
2014-01-06,Category_023,19160.0
2014-01-06,Category_024,3004.0
2014-01-06,Category_025,64000.0
2014-01-06,Category_026,946.0
2014-01-06,Category_028,171436.0
2014-01-06,Category_029,10.0
2014-01-06,Category_030,227900.0
2014-01-06,Category_031,18.0
2014-01-06,Category_032,4758.0
2014-01-06,Category_033,70000.0
2014-01-13,Category_001,5152.0
2014-01-13,Category_002,14.0
2014-01-13,Category_003,1699.0
2014-01-13,Category_005,1070275.0
2014-01-13,Category_006,1390021.0
2014-01-13,Category_007,341729.0
2014-01-13,Category_008,34.0
2014-01-13,Category_009,16205.0
2014-01-13,Category_010,42.0
2014-01-13,Category_011,8572.0
2014-01-13,Category_012,26.0
2014-01-13,Category_013,654.0
2014-01-13,Category_015,2413.0
2014-01-13,Category_017,18.0
2014-01-13,Category_018,118.0
2014-01-13,Category_019,16380171.0
2014-01-13,Category_020,1440.0
2014-01-13,Category_021,10883.0
2014-01-13,Category_022,2378.0
2014-01-13,Category_023,3710.0
2014-01-13,Category_024,1657.0
2014-01-13,Category_026,1314.0
2014-01-13,Category_028,189690.0
2014-01-13,Category_029,230.0
2014-01-13,Category_030,105600.0
2014-01-13,Category_031,38.0
2014-01-13,Category_032,26156.0
2014-01-13,Category_033,260000.0
2014-01-20,Category_001,9238.0
2014-01-20,Category_003,1026.0
2014-01-20,Category_004,819.0
2014-01-20,Category_005,862010.0
2014-01-20,Category_006,1603942.0
2014-01-20,Category_007,739569.0
2014-01-20,Category_008,123.0
2014-01-20,Category_009,5912.0
2014-01-20,Category_010,11.0
2014-01-20,Category_011,7490.0
2014-01-20,Category_013,1546.0
2014-01-20,Category_015,1817.0
2014-01-20,Category_017,3.0
2014-01-20,Category_018,58.0
2014-01-20,Category_019,19355298.0
2014-01-20,Category_020,19918.0
2014-01-20,Category_021,13004.0
2014-01-20,Category_022,2702.0
2014-01-20,Category_023,9200.0
2014-01-20,Category_024,3051.0
2014-01-20,Category_026,1074.0
2014-01-20,Category_028,133825.0
2014-01-20,Category_029,-38.0
2014-01-20,Category_030,83250.0
2014-01-20,Category_031,29.0
2014-01-20,Category_032,5594.0
2014-01-20,Category_033,200000.0
2014-01-27,Category_001,4851.0
2014-01-27,Category_002,4.0
2014-01-27,Category_003,2026.0
2014-01-27,Category_005,681420.0
2014-01-27,Category_006,1663125.0
2014-01-27,Category_007,408866.0
2014-01-27,Category_008,18.0
2014-01-27,Category_009,7162.0
2014-01-27,Category_010,22.0
2014-01-27,Category_011,5626.0
2014-01-27,Category_012,70.0
2014-01-27,Category_013,380.0
2014-01-27,Category_015,1657.0
2014-01-27,Category_018,123.0
2014-01-27,Category_019,12876391.0
2014-01-27,Category_020,2757.0
2014-01-27,Category_021,26361.0
2014-01-27,Category_022,4047.0
2014-01-27,Category_023,4792.0
2014-01-27,Category_024,9677.0
2014-01-27,Category_026,1333.0
2014-01-27,Category_028,70257.0
2014-01-27,Category_029,26.0
2014-01-27,Category_030,88200.0
2014-01-27,Category_031,21.0
2014-01-27,Category_032,1684.0
2014-01-27,Category_033,210000.0
2014-02-03,Category_001,7390.0
2014-02-03,Category_003,603.0
2014-02-03,Category_005,598550.0
2014-02-03,Category_006,1633154.0
2014-02-03,Category_007,501756.0
2014-02-03,Category_008,7.0
2014-02-03,Category_009,19184.0
2014-02-03,Category_010,29.0
2014-02-03,Category_011,7205.0
2014-02-03,Category_012,6.0
2014-02-03,Category_013,336.0
2014-02-03,Category_015,5571.0
2014-02-03,Category_017,6.0
2014-02-03,Category_018,349.0
2014-02-03,Category_019,15511849.0
2014-02-03,Category_020,17040.0
2014-02-03,Category_021,17856.0
2014-02-03,Category_022,1559.0
2014-02-03,Category_023,15201.0
2014-02-03,Category_024,5424.0
2014-02-03,Category_026,678.0
2014-02-03,Category_028,142367.0
2014-02-03,Category_029,26.0
2014-02-03,Category_030,236200.0
2014-02-03,Category_031,82.0
2014-02-03,Category_032,22892.0
2014-02-03,Category_033,210000.0
2014-02-10,Category_001,5388.0
2014-02-10,Category_003,2617.0
2014-02-10,Category_004,700.0
2014-02-10,Category_005,626850.0
2014-02-10,Category_006,1226771.0
2014-02-10,Category_007,543540.0
2014-02-10,Category_008,80.0
2014-02-10,Category_009,8343.0
2014-02-10,Category_010,206.0
2014-02-10,Category_011,6793.0
2014-02-10,Category_012,4.0
2014-02-10,Category_013,1678.0
2014-02-10,Category_015,3237.0
2014-02-10,Category_017,6.0
2014-02-10,Category_018,206.0
2014-02-10,Category_019,18463075.0
2014-02-10,Category_020,3152.0
2014-02-10,Category_021,19291.0
2014-02-10,Category_022,1986.0
2014-02-10,Category_023,17557.0
2014-02-10,Category_024,1939.0
2014-02-10,Category_025,9000.0
2014-02-10,Category_026,841.0
2014-02-10,Category_028,141875.0
2014-02-10,Category_029,103.0
2014-02-10,Category_030,190200.0
2014-02-10,Category_031,80.0
2014-02-10,Category_032,17254.0
2014-02-10,Category_033,190000.0
2014-02-17,Category_001,5953.0
2014-02-17,Category_002,4.0
2014-02-17,Category_003,2491.0
2014-02-17,Category_005,923145.0
2014-02-17,Category_006,1989313.0
2014-02-17,Category_007,827392.0
2014-02-17,Category_008,32.0
2014-02-17,Category_009,19112.0
2014-02-17,Category_010,17.0
2014-02-17,Category_011,7852.0
2014-02-17,Category_012,108.0
2014-02-17,Category_013,858.0
2014-02-17,Category_015,1695.0
2014-02-17,Category_017,900.0
2014-02-17,Category_018,175.0
2014-02-17,Category_019,17297174.0
2014-02-17,Category_020,2490.0
2014-02-17,Category_021,13301.0
2014-02-17,Category_022,2772.0
2014-02-17,Category_023,7949.0
2014-02-17,Category_024,2408.0
2014-02-17,Category_026,1348.0
2014-02-17,Category_028,410225.0
2014-02-17,Category_029,80.0
2014-02-17,Category_030,103000.0
2014-02-17,Category_031,44.0
2014-02-17,Category_032,33794.0
2014-02-17,Category_033,330000.0
2014-02-24,Category_001,7761.0
2014-02-24,Category_003,1252.0
2014-02-24,Category_004,80.0
2014-02-24,Category_005,758830.0
2014-02-24,Category_006,1259072.0
2014-02-24,Category_007,567845.0
2014-02-24,Category_008,89.0
2014-02-24,Category_009,8478.0
2014-02-24,Category_010,2.0
2014-02-24,Category_011,10870.0
2014-02-24,Category_012,59.0
2014-02-24,Category_013,850.0
2014-02-24,Category_015,1620.0
2014-02-24,Category_017,27.0
2014-02-24,Category_018,439.0
2014-02-24,Category_019,16286448.0
2014-02-24,Category_020,1364.0
2014-02-24,Category_021,18386.0
2014-02-24,Category_022,3809.0
2014-02-24,Category_023,23257.0
2014-02-24,Category_024,3096.0
2014-02-24,Category_026,772.0
2014-02-24,Category_027,1.0
2014-02-24,Category_028,207489.0
2014-02-24,Category_029,70.0
2014-02-24,Category_030,73900.0
2014-02-24,Category_031,55.0
2014-02-24,Category_032,1590.0
2014-02-24,Category_033,270000.0
2014-03-03,Category_001,9649.0
2014-03-03,Category_003,3359.0
2014-03-03,Category_004,1652.0
2014-03-03,Category_005,829075.0
2014-03-03,Category_006,1994088.0
2014-03-03,Category_007,717269.0
2014-03-03,Category_008,436.0
2014-03-03,Category_009,9479.0
2014-03-03,Category_010,190.0
2014-03-03,Category_011,11364.0
2014-03-03,Category_013,390.0
2014-03-03,Category_015,2426.0
2014-03-03,Category_017,12.0
2014-03-03,Category_018,123.0
2014-03-03,Category_019,17553867.0
2014-03-03,Category_020,18999.0
2014-03-03,Category_021,19757.0
2014-03-03,Category_022,5098.0
2014-03-03,Category_023,19006.0
2014-03-03,Category_024,4107.0
2014-03-03,Category_026,1411.0
2014-03-03,Category_028,251156.0
2014-03-03,Category_029,20.0
2014-03-03,Category_030,170450.0
2014-03-03,Category_031,28.0
2014-03-03,Category_032,13218.0
2014-03-03,Category_033,170000.0
2014-03-10,Category_001,6880.0
2014-03-10,Category_002,4.0
2014-03-10,Category_003,1134.0
2014-03-10,Category_004,100.0
2014-03-10,Category_005,865905.0
2014-03-10,Category_006,1407191.0
2014-03-10,Category_007,530837.0
2014-03-10,Category_008,249.0
2014-03-10,Category_009,12781.0
2014-03-10,Category_010,14.0
2014-03-10,Category_011,30693.0
2014-03-10,Category_013,3643.0
2014-03-10,Category_015,2476.0
2014-03-10,Category_017,4.0
2014-03-10,Category_018,269.0
2014-03-10,Category_019,17693725.0
2014-03-10,Category_020,7916.0
2014-03-10,Category_021,37971.0
2014-03-10,Category_022,540.0
2014-03-10,Category_023,54063.0
2014-03-10,Category_024,11333.0
2014-03-10,Category_025,18000.0
2014-03-10,Category_026,631.0
2014-03-10,Category_028,298859.0
2014-03-10,Category_029,10.0
2014-03-10,Category_030,285700.0
2014-03-10,Category_031,29.0
2014-03-10,Category_032,22030.0
2014-03-10,Category_033,210000.0
2014-03-17,Category_001,9530.0
2014-03-17,Category_003,951.0
2014-03-17,Category_004,1000.0
2014-03-17,Category_005,821765.0
2014-03-17,Category_006,995659.0
2014-03-17,Category_007,810143.0
2014-03-17,Category_008,20.0
2014-03-17,Category_009,15167.0
2014-03-17,Category_010,104.0
2014-03-17,Category_011,10252.0
2014-03-17,Category_012,118.0
2014-03-17,Category_013,1228.0
2014-03-17,Category_015,3861.0
2014-03-17,Category_017,3.0
2014-03-17,Category_018,132.0
2014-03-17,Category_019,20921396.0
2014-03-17,Category_020,6223.0
2014-03-17,Category_021,13743.0
2014-03-17,Category_022,4484.0
2014-03-17,Category_023,20426.0
2014-03-17,Category_024,4307.0
2014-03-17,Category_026,887.0
2014-03-17,Category_028,126667.0
2014-03-17,Category_029,125.0
2014-03-17,Category_030,91200.0
2014-03-17,Category_031,21.0
2014-03-17,Category_032,16004.0
2014-03-17,Category_033,90000.0
2014-03-24,Category_001,8740.0
2014-03-24,Category_002,24.0
2014-03-24,Category_003,4807.0
2014-03-24,Category_004,8.0
2014-03-24,Category_005,1016935.0
2014-03-24,Category_006,1792669.0
2014-03-24,Category_007,431630.0
2014-03-24,Category_008,64.0
2014-03-24,Category_009,31633.0
2014-03-24,Category_011,6339.0
2014-03-24,Category_012,375.0
2014-03-24,Category_013,1839.0
2014-03-24,Category_015,3219.0
2014-03-24,Category_017,4.0
2014-03-24,Category_018,457.0
2014-03-24,Category_019,17880799.0
2014-03-24,Category_020,-7443.0
2014-03-24,Category_021,36268.0
2014-03-24,Category_022,9839.0
2014-03-24,Category_023,15891.0
2014-03-24,Category_024,5042.0
2014-03-24,Category_025,27000.0
2014-03-24,Category_026,5970.0
2014-03-24,Category_028,275838.0
2014-03-24,Category_029,40.0
2014-03-24,Category_030,241300.0
2014-03-24,Category_031,34.0
2014-03-24,Category_032,522.0
2014-03-24,Category_033,100000.0
2014-03-31,Category_001,6607.0
2014-03-31,Category_003,1763.0
2014-03-31,Category_004,100.0
2014-03-31,Category_005,735610.0
2014-03-31,Category_006,2356961.0
2014-03-31,Category_007,610591.0
2014-03-31,Category_008,162.0
2014-03-31,Category_009,8424.0
2014-03-31,Category_010,58.0
2014-03-31,Category_011,9168.0
2014-03-31,Category_012,170.0
2014-03-31,Category_013,981.0
2014-03-31,Category_015,2153.0
2014-03-31,Category_018,292.0
2014-03-31,Category_019,20411958.0
2014-03-31,Category_020,7158.0
2014-03-31,Category_021,12040.0
2014-03-31,Category_022,2102.0
2014-03-31,Category_023,6661.0
2014-03-31,Category_024,3239.0
2014-03-31,Category_026,936.0
2014-03-31,Category_028,220788.0
2014-03-31,Category_030,189800.0
2014-03-31,Category_031,57.0
2014-03-31,Category_032,4154.0
2014-03-31,Category_033,230000.0
2014-04-07,Category_001,7198.0
2014-04-07,Category_003,828.0
2014-04-07,Category_004,200.0
2014-04-07,Category_005,788670.0
2014-04-07,Category_006,1502884.0
2014-04-07,Category_007,995373.0
2014-04-07,Category_008,17.0
2014-04-07,Category_009,11231.0
2014-04-07,Category_010,121.0
2014-04-07,Category_011,9028.0
2014-04-07,Category_012,29.0
2014-04-07,Category_013,301.0
2014-04-07,Category_015,3724.0
2014-04-07,Category_017,13.0
2014-04-07,Category_018,124.0
2014-04-07,Category_019,16143077.0
2014-04-07,Category_020,2527.0
2014-04-07,Category_021,13353.0
2014-04-07,Category_022,498.0
2014-04-07,Category_023,11571.0
2014-04-07,Category_024,3755.0
2014-04-07,Category_026,1259.0
2014-04-07,Category_028,132750.0
2014-04-07,Category_030,151500.0
2014-04-07,Category_031,37.0
2014-04-07,Category_032,46696.0
2014-04-07,Category_033,350000.0
2014-04-14,Category_001,5482.0
2014-04-14,Category_003,1963.0
2014-04-14,Category_004,400.0
2014-04-14,Category_005,1154225.0
2014-04-14,Category_006,1230676.0
2014-04-14,Category_007,264774.0
2014-04-14,Category_008,107.0
2014-04-14,Category_009,13186.0
2014-04-14,Category_010,-31.0
2014-04-14,Category_011,6874.0
2014-04-14,Category_013,883.0
2014-04-14,Category_015,1844.0
2014-04-14,Category_017,36.0
2014-04-14,Category_018,269.0
2014-04-14,Category_019,17728043.0
2014-04-14,Category_020,1898.0
2014-04-14,Category_021,13329.0
2014-04-14,Category_022,4190.0
2014-04-14,Category_023,4961.0
2014-04-14,Category_024,1622.0
2014-04-14,Category_026,4820.0
2014-04-14,Category_028,212575.0
2014-04-14,Category_029,80.0
2014-04-14,Category_030,107800.0
2014-04-14,Category_031,70.0
2014-04-14,Category_032,900.0
2014-04-14,Category_033,100000.0
2014-04-21,Category_001,5407.0
2014-04-21,Category_003,2425.0
2014-04-21,Category_004,200.0
2014-04-21,Category_005,612900.0
2014-04-21,Category_006,1243344.0
2014-04-21,Category_007,316584.0
2014-04-21,Category_008,12.0
2014-04-21,Category_009,24448.0
2014-04-21,Category_011,14007.0
2014-04-21,Category_012,76.0
2014-04-21,Category_013,3225.0
2014-04-21,Category_015,2899.0
2014-04-21,Category_017,3.0
2014-04-21,Category_018,304.0
2014-04-21,Category_019,16178688.0
2014-04-21,Category_020,8916.0
2014-04-21,Category_021,9261.0
2014-04-21,Category_022,2632.0
2014-04-21,Category_023,11151.0
2014-04-21,Category_024,4035.0
2014-04-21,Category_026,659.0
2014-04-21,Category_028,96657.0
2014-04-21,Category_030,225300.0
2014-04-21,Category_031,40.0
2014-04-21,Category_032,8922.0
2014-04-21,Category_033,30000.0
2014-04-28,Category_001,5064.0
2014-04-28,Category_002,4.0
2014-04-28,Category_003,1186.0
2014-04-28,Category_004,1000.0
2014-04-28,Category_005,760775.0
2014-04-28,Category_006,1782160.0
2014-04-28,Category_007,419214.0
2014-04-28,Category_008,6.0
2014-04-28,Category_009,10526.0
2014-04-28,Category_010,-414.0
2014-04-28,Category_011,7862.0
2014-04-28,Category_012,24.0
2014-04-28,Category_013,382.0
2014-04-28,Category_015,2923.0
2014-04-28,Category_017,500.0
2014-04-28,Category_018,238.0
2014-04-28,Category_019,16237283.0
2014-04-28,Category_020,9980.0
2014-04-28,Category_021,25284.0
2014-04-28,Category_022,2046.0
2014-04-28,Category_023,5501.0
2014-04-28,Category_024,4416.0
2014-04-28,Category_026,612.0
2014-04-28,Category_028,105824.0
2014-04-28,Category_030,173050.0
2014-04-28,Category_031,21.0
2014-04-28,Category_032,52322.0
2014-04-28,Category_033,80000.0
2014-05-05,Category_001,3584.0
2014-05-05,Category_003,1942.0
2014-05-05,Category_004,320.0
2014-05-05,Category_005,659950.0
2014-05-05,Category_006,1293842.0
2014-05-05,Category_007,514027.0
2014-05-05,Category_008,5.0
2014-05-05,Category_009,11305.0
2014-05-05,Category_010,16.0
2014-05-05,Category_011,6527.0
2014-05-05,Category_012,1.0
2014-05-05,Category_013,384.0
2014-05-05,Category_015,2505.0
2014-05-05,Category_017,12.0
2014-05-05,Category_018,190.0
2014-05-05,Category_019,12164673.0
2014-05-05,Category_020,985.0
2014-05-05,Category_021,13860.0
2014-05-05,Category_022,8359.0
2014-05-05,Category_023,18625.0
2014-05-05,Category_024,2871.0
2014-05-05,Category_026,972.0
2014-05-05,Category_028,131910.0
2014-05-05,Category_029,115.0
2014-05-05,Category_030,208900.0
2014-05-05,Category_031,6.0
2014-05-05,Category_032,2092.0
2014-05-05,Category_033,170000.0
2014-05-12,Category_001,6592.0
2014-05-12,Category_002,2.0
2014-05-12,Category_003,977.0
2014-05-12,Category_005,789150.0
2014-05-12,Category_006,1320084.0
2014-05-12,Category_007,353572.0
2014-05-12,Category_008,20.0
2014-05-12,Category_009,12324.0
2014-05-12,Category_010,31.0
2014-05-12,Category_011,10259.0
2014-05-12,Category_013,14100.0
2014-05-12,Category_015,2575.0
2014-05-12,Category_018,222.0
2014-05-12,Category_019,18207218.0
2014-05-12,Category_020,8939.0
2014-05-12,Category_021,20742.0
2014-05-12,Category_022,3634.0
2014-05-12,Category_023,8136.0
2014-05-12,Category_024,4650.0
2014-05-12,Category_025,6000.0
2014-05-12,Category_026,1265.0
2014-05-12,Category_028,151998.0
2014-05-12,Category_029,10.0
2014-05-12,Category_030,139200.0
2014-05-12,Category_031,26.0
2014-05-12,Category_032,139848.0
2014-05-12,Category_033,190000.0
2014-05-19,Category_001,9693.0
2014-05-19,Category_003,488.0
2014-05-19,Category_004,560.0
2014-05-19,Category_005,872480.0
2014-05-19,Category_006,1030861.0
2014-05-19,Category_007,340952.0
2014-05-19,Category_008,81.0
2014-05-19,Category_009,12481.0
2014-05-19,Category_010,71.0
2014-05-19,Category_011,9972.0
2014-05-19,Category_012,361.0
2014-05-19,Category_013,475.0
2014-05-19,Category_015,3162.0
2014-05-19,Category_017,103.0
2014-05-19,Category_018,111.0
2014-05-19,Category_019,19213944.0
2014-05-19,Category_020,15582.0
2014-05-19,Category_021,24415.0
2014-05-19,Category_022,3319.0
2014-05-19,Category_023,11490.0
2014-05-19,Category_024,3236.0
2014-05-19,Category_026,1402.0
2014-05-19,Category_028,191462.0
2014-05-19,Category_029,10.0
2014-05-19,Category_030,146650.0
2014-05-19,Category_031,44.0
2014-05-19,Category_032,3240.0
2014-05-19,Category_033,260000.0
2014-05-26,Category_001,5698.0
2014-05-26,Category_002,4.0
2014-05-26,Category_003,690.0
2014-05-26,Category_004,400.0
2014-05-26,Category_005,861970.0
2014-05-26,Category_006,1286061.0
2014-05-26,Category_007,681593.0
2014-05-26,Category_008,3.0
2014-05-26,Category_009,13523.0
2014-05-26,Category_010,87.0
2014-05-26,Category_011,10643.0
2014-05-26,Category_012,78.0
2014-05-26,Category_013,676.0
2014-05-26,Category_015,6283.0
2014-05-26,Category_018,116.0
2014-05-26,Category_019,14136296.0
2014-05-26,Category_020,9039.0
2014-05-26,Category_021,15559.0
2014-05-26,Category_022,4731.0
2014-05-26,Category_023,7404.0
2014-05-26,Category_024,1346.0
2014-05-26,Category_026,835.0
2014-05-26,Category_028,211100.0
2014-05-26,Category_030,96250.0
2014-05-26,Category_031,54.0
2014-05-26,Category_032,9616.0
2014-05-26,Category_033,120000.0
2014-06-02,Category_001,6092.0
2014-06-02,Category_003,874.0
2014-06-02,Category_004,140.0
2014-06-02,Category_005,786150.0
2014-06-02,Category_006,2390230.0
2014-06-02,Category_007,716497.0
2014-06-02,Category_008,79.0
2014-06-02,Category_009,13814.0
2014-06-02,Category_010,651.0
2014-06-02,Category_011,17847.0
2014-06-02,Category_012,41.0
2014-06-02,Category_013,1010.0
2014-06-02,Category_015,2010.0
2014-06-02,Category_017,105.0
2014-06-02,Category_018,68.0
2014-06-02,Category_019,18579538.0
2014-06-02,Category_020,5170.0
2014-06-02,Category_021,13352.0
2014-06-02,Category_022,4501.0
2014-06-02,Category_023,48819.0
2014-06-02,Category_024,3505.0
2014-06-02,Category_026,1035.0
2014-06-02,Category_028,113115.0
2014-06-02,Category_030,156100.0
2014-06-02,Category_031,33.0
2014-06-02,Category_032,27124.0
2014-06-02,Category_033,80000.0
2014-06-09,Category_001,6940.0
2014-06-09,Category_003,1921.0
2014-06-09,Category_004,20.0
2014-06-09,Category_005,854210.0
2014-06-09,Category_006,1505415.0
2014-06-09,Category_007,404856.0
2014-06-09,Category_008,36.0
2014-06-09,Category_009,42225.0
2014-06-09,Category_010,35.0
2014-06-09,Category_011,12654.0
2014-06-09,Category_013,757.0
2014-06-09,Category_015,1765.0
2014-06-09,Category_017,1000.0
2014-06-09,Category_018,115.0
2014-06-09,Category_019,18063237.0
2014-06-09,Category_020,6320.0
2014-06-09,Category_021,18600.0
2014-06-09,Category_022,1513.0
2014-06-09,Category_023,7667.0
2014-06-09,Category_024,2717.0
2014-06-09,Category_026,837.0
2014-06-09,Category_028,101798.0
2014-06-09,Category_030,155100.0
2014-06-09,Category_031,5.0
2014-06-09,Category_032,8086.0
2014-06-09,Category_033,170000.0
2014-06-16,Category_001,3902.0
2014-06-16,Category_002,2.0
2014-06-16,Category_003,3720.0
2014-06-16,Category_004,1280.0
2014-06-16,Category_005,825990.0
2014-06-16,Category_006,716519.0
2014-06-16,Category_007,254452.0
2014-06-16,Category_008,112.0
2014-06-16,Category_009,24899.0
2014-06-16,Category_010,82.0
2014-06-16,Category_011,11555.0
2014-06-16,Category_012,16.0
2014-06-16,Category_013,159.0
2014-06-16,Category_015,1699.0
2014-06-16,Category_017,-775.0
2014-06-16,Category_018,84.0
2014-06-16,Category_019,19726921.0
2014-06-16,Category_020,22959.0
2014-06-16,Category_021,13172.0
2014-06-16,Category_022,5316.0
2014-06-16,Category_023,12640.0
2014-06-16,Category_024,1763.0
2014-06-16,Category_025,3000.0
2014-06-16,Category_026,1041.0
2014-06-16,Category_028,190653.0
2014-06-16,Category_029,100.0
2014-06-16,Category_030,172550.0
2014-06-16,Category_031,19.0
2014-06-16,Category_032,12112.0
2014-06-16,Category_033,190000.0
2014-06-23,Category_001,9797.0
2014-06-23,Category_002,40.0
2014-06-23,Category_003,1833.0
2014-06-23,Category_004,2360.0
2014-06-23,Category_005,582170.0
2014-06-23,Category_006,1547452.0
2014-06-23,Category_007,704834.0
2014-06-23,Category_008,27.0
2014-06-23,Category_009,15554.0
2014-06-23,Category_010,14.0
2014-06-23,Category_011,6963.0
2014-06-23,Category_013,240.0
2014-06-23,Category_015,4453.0
2014-06-23,Category_017,1.0
2014-06-23,Category_018,79.0
2014-06-23,Category_019,16717939.0
2014-06-23,Category_020,18887.0
2014-06-23,Category_021,22650.0
2014-06-23,Category_022,2517.0
2014-06-23,Category_023,9125.0
2014-06-23,Category_024,4652.0
2014-06-23,Category_025,3000.0
2014-06-23,Category_026,1643.0
2014-06-23,Category_028,99519.0
2014-06-23,Category_030,160900.0
2014-06-23,Category_031,38.0
2014-06-23,Category_032,46252.0
2014-06-23,Category_033,150000.0
2014-06-30,Category_001,9051.0
2014-06-30,Category_002,6.0
2014-06-30,Category_003,907.0
2014-06-30,Category_004,200.0
2014-06-30,Category_005,1025875.0
2014-06-30,Category_006,1457897.0
2014-06-30,Category_007,632932.0
2014-06-30,Category_008,107.0
2014-06-30,Category_009,24968.0
2014-06-30,Category_010,31.0
2014-06-30,Category_011,20767.0
2014-06-30,Category_012,162.0
2014-06-30,Category_013,361.0
2014-06-30,Category_015,4513.0
2014-06-30,Category_017,8.0
2014-06-30,Category_018,166.0
2014-06-30,Category_019,17704419.0
2014-06-30,Category_020,5000.0
2014-06-30,Category_021,8982.0
2014-06-30,Category_022,5378.0
2014-06-30,Category_023,47080.0
2014-06-30,Category_024,2775.0
2014-06-30,Category_025,24000.0
2014-06-30,Category_026,952.0
2014-06-30,Category_028,161328.0
2014-06-30,Category_030,119250.0
2014-06-30,Category_031,62.0
2014-06-30,Category_032,1892.0
2014-06-30,Category_033,180000.0
2014-07-07,Category_001,7489.0
2014-07-07,Category_002,3.0
2014-07-07,Category_003,785.0
2014-07-07,Category_004,960.0
2014-07-07,Category_005,877210.0
2014-07-07,Category_006,1518919.0
2014-07-07,Category_007,482216.0
2014-07-07,Category_008,71.0
2014-07-07,Category_009,6594.0
2014-07-07,Category_010,15.0
2014-07-07,Category_011,9384.0
2014-07-07,Category_013,1536.0
2014-07-07,Category_015,1977.0
2014-07-07,Category_017,1.0
2014-07-07,Category_018,267.0
2014-07-07,Category_019,15982628.0
2014-07-07,Category_020,5276.0
2014-07-07,Category_021,20237.0
2014-07-07,Category_022,3183.0
2014-07-07,Category_023,20876.0
2014-07-07,Category_024,3013.0
2014-07-07,Category_026,1224.0
2014-07-07,Category_028,154182.0
2014-07-07,Category_029,-248.0
2014-07-07,Category_030,164850.0
2014-07-07,Category_031,20.0
2014-07-07,Category_032,24022.0
2014-07-07,Category_033,170000.0
2014-07-14,Category_001,6107.0
2014-07-14,Category_002,2.0
2014-07-14,Category_003,2637.0
2014-07-14,Category_004,800.0
2014-07-14,Category_005,596650.0
2014-07-14,Category_006,855608.0
2014-07-14,Category_007,110210.0
2014-07-14,Category_008,39.0
2014-07-14,Category_009,17635.0
2014-07-14,Category_010,-5.0
2014-07-14,Category_011,8999.0
2014-07-14,Category_012,60.0
2014-07-14,Category_013,2156.0
2014-07-14,Category_015,2423.0
2014-07-14,Category_017,75.0
2014-07-14,Category_018,163.0
2014-07-14,Category_019,20076612.0
2014-07-14,Category_020,21097.0
2014-07-14,Category_021,14376.0
2014-07-14,Category_022,4931.0
2014-07-14,Category_023,24591.0
2014-07-14,Category_024,2945.0
2014-07-14,Category_025,3000.0
2014-07-14,Category_026,705.0
2014-07-14,Category_028,110096.0
2014-07-14,Category_030,187200.0
2014-07-14,Category_031,38.0
2014-07-14,Category_032,46098.0
2014-07-14,Category_033,190000.0
2014-07-21,Category_001,8160.0
2014-07-21,Category_002,12.0
2014-07-21,Category_003,1584.0
2014-07-21,Category_005,601825.0
2014-07-21,Category_006,1421105.0
2014-07-21,Category_007,540632.0
2014-07-21,Category_008,46.0
2014-07-21,Category_009,8853.0
2014-07-21,Category_010,6.0
2014-07-21,Category_011,8604.0
2014-07-21,Category_012,193.0
2014-07-21,Category_013,202.0
2014-07-21,Category_014,2.0
2014-07-21,Category_015,3371.0
2014-07-21,Category_017,14.0
2014-07-21,Category_018,225.0
2014-07-21,Category_019,15571825.0
2014-07-21,Category_020,30057.0
2014-07-21,Category_021,20458.0
2014-07-21,Category_022,1472.0
2014-07-21,Category_023,7750.0
2014-07-21,Category_024,5986.0
2014-07-21,Category_026,666.0
2014-07-21,Category_028,222957.0
2014-07-21,Category_029,274.0
2014-07-21,Category_030,256450.0
2014-07-21,Category_031,206.0
2014-07-21,Category_032,33632.0
2014-07-21,Category_033,200000.0
2014-07-28,Category_001,5979.0
2014-07-28,Category_003,238.0
2014-07-28,Category_005,952875.0
2014-07-28,Category_006,878460.0
2014-07-28,Category_007,285525.0
2014-07-28,Category_008,10.0
2014-07-28,Category_009,10598.0
2014-07-28,Category_010,2.0
2014-07-28,Category_011,6018.0
2014-07-28,Category_013,585.0
2014-07-28,Category_015,3410.0
2014-07-28,Category_017,17.0
2014-07-28,Category_018,81.0
2014-07-28,Category_019,19536825.0
2014-07-28,Category_020,13176.0
2014-07-28,Category_021,17091.0
2014-07-28,Category_022,3315.0
2014-07-28,Category_023,6707.0
2014-07-28,Category_024,4539.0
2014-07-28,Category_026,1003.0
2014-07-28,Category_028,69773.0
2014-07-28,Category_029,240.0
2014-07-28,Category_030,40750.0
2014-07-28,Category_031,42.0
2014-07-28,Category_032,3712.0
2014-07-28,Category_033,80000.0
2014-08-04,Category_001,8028.0
2014-08-04,Category_003,1367.0
2014-08-04,Category_004,380.0
2014-08-04,Category_005,742280.0
2014-08-04,Category_006,1159060.0
2014-08-04,Category_007,659505.0
2014-08-04,Category_008,117.0
2014-08-04,Category_009,16934.0
2014-08-04,Category_010,1.0
2014-08-04,Category_011,9274.0
2014-08-04,Category_012,6.0
2014-08-04,Category_013,2306.0
2014-08-04,Category_015,4719.0
2014-08-04,Category_017,59.0
2014-08-04,Category_018,117.0
2014-08-04,Category_019,15197524.0
2014-08-04,Category_020,17542.0
2014-08-04,Category_021,17461.0
2014-08-04,Category_022,11571.0
2014-08-04,Category_023,14215.0
2014-08-04,Category_024,4638.0
2014-08-04,Category_026,1467.0
2014-08-04,Category_028,162387.0
2014-08-04,Category_030,199400.0
2014-08-04,Category_031,34.0
2014-08-04,Category_032,14372.0
2014-08-04,Category_033,200000.0
2014-08-11,Category_001,3688.0
2014-08-11,Category_003,675.0
2014-08-11,Category_004,1200.0
2014-08-11,Category_005,455550.0
2014-08-11,Category_006,1048705.0
2014-08-11,Category_007,63096.0
2014-08-11,Category_008,59.0
2014-08-11,Category_009,12717.0
2014-08-11,Category_010,130.0
2014-08-11,Category_011,4065.0
2014-08-11,Category_012,26.0
2014-08-11,Category_013,2341.0
2014-08-11,Category_015,1609.0
2014-08-11,Category_017,30.0
2014-08-11,Category_018,274.0
2014-08-11,Category_019,7459908.0
2014-08-11,Category_020,9716.0
2014-08-11,Category_021,11285.0
2014-08-11,Category_022,5579.0
2014-08-11,Category_023,3740.0
2014-08-11,Category_024,5336.0
2014-08-11,Category_026,2166.0
2014-08-11,Category_028,106469.0
2014-08-11,Category_030,162300.0
2014-08-11,Category_031,40.0
2014-08-11,Category_032,35676.0
2014-08-11,Category_033,20000.0
2014-08-18,Category_001,5868.0
2014-08-18,Category_003,591.0
2014-08-18,Category_004,956.0
2014-08-18,Category_005,966270.0
2014-08-18,Category_006,1736478.0
2014-08-18,Category_007,463789.0
2014-08-18,Category_008,26.0
2014-08-18,Category_009,13037.0
2014-08-18,Category_010,164.0
2014-08-18,Category_011,8511.0
2014-08-18,Category_012,6.0
2014-08-18,Category_013,409.0
2014-08-18,Category_015,3042.0
2014-08-18,Category_017,145.0
2014-08-18,Category_018,139.0
2014-08-18,Category_019,13708134.0
2014-08-18,Category_020,11394.0
2014-08-18,Category_021,13354.0
2014-08-18,Category_022,924.0
2014-08-18,Category_023,19322.0
2014-08-18,Category_024,3356.0
2014-08-18,Category_026,2028.0
2014-08-18,Category_028,205734.0
2014-08-18,Category_029,26.0
2014-08-18,Category_030,68801.0
2014-08-18,Category_031,34.0
2014-08-18,Category_032,75074.0
2014-08-18,Category_033,140000.0
2014-08-25,Category_001,9485.0
2014-08-25,Category_003,979.0
2014-08-25,Category_005,670625.0
2014-08-25,Category_006,1738005.0
2014-08-25,Category_007,1264161.0
2014-08-25,Category_008,12.0
2014-08-25,Category_009,11858.0
2014-08-25,Category_010,110.0
2014-08-25,Category_011,12050.0
2014-08-25,Category_012,387.0
2014-08-25,Category_013,1979.0
2014-08-25,Category_015,4289.0
2014-08-25,Category_017,18.0
2014-08-25,Category_018,176.0
2014-08-25,Category_019,14360057.0
2014-08-25,Category_020,11694.0
2014-08-25,Category_021,13907.0
2014-08-25,Category_022,6810.0
2014-08-25,Category_023,8851.0
2014-08-25,Category_024,10872.0
2014-08-25,Category_026,1118.0
2014-08-25,Category_028,249657.0
2014-08-25,Category_029,110.0
2014-08-25,Category_030,142950.0
2014-08-25,Category_031,62.0
2014-08-25,Category_032,3300.0
2014-08-25,Category_033,110000.0
2014-09-01,Category_001,7843.0
2014-09-01,Category_002,3.0
2014-09-01,Category_003,2350.0
2014-09-01,Category_004,800.0
2014-09-01,Category_005,761565.0
2014-09-01,Category_006,2813830.0
2014-09-01,Category_007,166625.0
2014-09-01,Category_008,21.0
2014-09-01,Category_009,13680.0
2014-09-01,Category_010,52.0
2014-09-01,Category_011,17195.0
2014-09-01,Category_012,425.0
2014-09-01,Category_013,579.0
2014-09-01,Category_015,7232.0
2014-09-01,Category_017,407.0
2014-09-01,Category_018,215.0
2014-09-01,Category_019,16861378.0
2014-09-01,Category_020,5607.0
2014-09-01,Category_021,10036.0
2014-09-01,Category_022,8791.0
2014-09-01,Category_023,8732.0
2014-09-01,Category_024,1964.0
2014-09-01,Category_026,1405.0
2014-09-01,Category_028,169043.0
2014-09-01,Category_029,308.0
2014-09-01,Category_030,177050.0
2014-09-01,Category_031,78.0
2014-09-01,Category_032,53232.0
2014-09-01,Category_033,70000.0
2014-09-08,Category_001,7876.0
2014-09-08,Category_003,764.0
2014-09-08,Category_004,200.0
2014-09-08,Category_005,943040.0
2014-09-08,Category_006,928372.0
2014-09-08,Category_007,232713.0
2014-09-08,Category_008,49.0
2014-09-08,Category_009,19803.0
2014-09-08,Category_010,14.0
2014-09-08,Category_011,7254.0
2014-09-08,Category_012,102.0
2014-09-08,Category_013,1204.0
2014-09-08,Category_015,2929.0
2014-09-08,Category_017,14.0
2014-09-08,Category_018,289.0
2014-09-08,Category_019,18666237.0
2014-09-08,Category_020,11031.0
2014-09-08,Category_021,16304.0
2014-09-08,Category_022,1770.0
2014-09-08,Category_023,8133.0
2014-09-08,Category_024,7826.0
2014-09-08,Category_026,833.0
2014-09-08,Category_028,223737.0
2014-09-08,Category_029,58.0
2014-09-08,Category_030,233850.0
2014-09-08,Category_031,24.0
2014-09-08,Category_032,10982.0
2014-09-08,Category_033,300000.0
2014-09-15,Category_001,6312.0
2014-09-15,Category_002,4.0
2014-09-15,Category_003,901.0
2014-09-15,Category_004,900.0
2014-09-15,Category_005,849710.0
2014-09-15,Category_006,1614770.0
2014-09-15,Category_007,247920.0
2014-09-15,Category_008,45.0
2014-09-15,Category_009,26022.0
2014-09-15,Category_010,26.0
2014-09-15,Category_011,10391.0
2014-09-15,Category_013,376.0
2014-09-15,Category_015,2048.0
2014-09-15,Category_017,36.0
2014-09-15,Category_018,157.0
2014-09-15,Category_019,17588114.0
2014-09-15,Category_020,3842.0
2014-09-15,Category_021,13360.0
2014-09-15,Category_022,3427.0
2014-09-15,Category_023,5614.0
2014-09-15,Category_024,2957.0
2014-09-15,Category_026,589.0
2014-09-15,Category_028,286793.0
2014-09-15,Category_030,96400.0
2014-09-15,Category_031,-4.0
2014-09-15,Category_032,22664.0
2014-09-15,Category_033,40000.0
2014-09-22,Category_001,6284.0
2014-09-22,Category_003,1493.0
2014-09-22,Category_004,200.0
2014-09-22,Category_005,735295.0
2014-09-22,Category_006,1329619.0
2014-09-22,Category_007,256317.0
2014-09-22,Category_008,28.0
2014-09-22,Category_009,26509.0
2014-09-22,Category_010,36.0
2014-09-22,Category_011,25003.0
2014-09-22,Category_012,655.0
2014-09-22,Category_013,3111.0
2014-09-22,Category_015,2142.0
2014-09-22,Category_017,450.0
2014-09-22,Category_018,278.0
2014-09-22,Category_019,14463425.0
2014-09-22,Category_020,30269.0
2014-09-22,Category_021,13012.0
2014-09-22,Category_022,2549.0
2014-09-22,Category_023,8352.0
2014-09-22,Category_024,4905.0
2014-09-22,Category_025,6000.0
2014-09-22,Category_026,1958.0
2014-09-22,Category_028,114959.0
2014-09-22,Category_030,148600.0
2014-09-22,Category_031,66.0
2014-09-22,Category_032,5456.0
2014-09-22,Category_033,190000.0
2014-09-29,Category_001,5442.0
2014-09-29,Category_002,4.0
2014-09-29,Category_003,901.0
2014-09-29,Category_004,60.0
2014-09-29,Category_005,1536590.0
2014-09-29,Category_006,2465263.0
2014-09-29,Category_007,919725.0
2014-09-29,Category_008,30.0
2014-09-29,Category_009,13722.0
2014-09-29,Category_010,63.0
2014-09-29,Category_011,12788.0
2014-09-29,Category_012,10.0
2014-09-29,Category_013,1188.0
2014-09-29,Category_015,1774.0
2014-09-29,Category_017,156.0
2014-09-29,Category_018,218.0
2014-09-29,Category_019,17236258.0
2014-09-29,Category_020,1384.0
2014-09-29,Category_021,20686.0
2014-09-29,Category_022,1544.0
2014-09-29,Category_023,1950.0
2014-09-29,Category_024,6226.0
2014-09-29,Category_026,774.0
2014-09-29,Category_028,222161.0
2014-09-29,Category_030,348550.0
2014-09-29,Category_031,30.0
2014-09-29,Category_032,5034.0
2014-09-29,Category_033,70000.0
2014-10-06,Category_001,8053.0
2014-10-06,Category_003,2620.0
2014-10-06,Category_004,200.0
2014-10-06,Category_005,733550.0
2014-10-06,Category_006,1289043.0
2014-10-06,Category_007,326075.0
2014-10-06,Category_008,51.0
2014-10-06,Category_009,13081.0
2014-10-06,Category_010,24.0
2014-10-06,Category_011,11264.0
2014-10-06,Category_012,93.0
2014-10-06,Category_013,211.0
2014-10-06,Category_015,3331.0
2014-10-06,Category_018,94.0
2014-10-06,Category_019,15698710.0
2014-10-06,Category_020,11941.0
2014-10-06,Category_021,21620.0
2014-10-06,Category_022,5720.0
2014-10-06,Category_023,3557.0
2014-10-06,Category_024,2582.0
2014-10-06,Category_025,6000.0
2014-10-06,Category_026,649.0
2014-10-06,Category_028,338045.0
2014-10-06,Category_029,70.0
2014-10-06,Category_030,87800.0
2014-10-06,Category_031,22.0
2014-10-06,Category_032,2468.0
2014-10-06,Category_033,170000.0
2014-10-13,Category_001,9580.0
2014-10-13,Category_003,562.0
2014-10-13,Category_004,440.0
2014-10-13,Category_005,667200.0
2014-10-13,Category_006,1503715.0
2014-10-13,Category_007,590982.0
2014-10-13,Category_008,23.0
2014-10-13,Category_009,14285.0
2014-10-13,Category_010,9.0
2014-10-13,Category_011,4784.0
2014-10-13,Category_012,383.0
2014-10-13,Category_013,296.0
2014-10-13,Category_015,2625.0
2014-10-13,Category_017,514.0
2014-10-13,Category_018,273.0
2014-10-13,Category_019,14471401.0
2014-10-13,Category_020,9415.0
2014-10-13,Category_021,12285.0
2014-10-13,Category_022,2526.0
2014-10-13,Category_023,8110.0
2014-10-13,Category_024,3892.0
2014-10-13,Category_026,1755.0
2014-10-13,Category_028,37476.0
2014-10-13,Category_030,148650.0
2014-10-13,Category_031,3.0
2014-10-13,Category_032,8274.0
2014-10-13,Category_033,50000.0
2014-10-20,Category_001,9632.0
2014-10-20,Category_002,6.0
2014-10-20,Category_003,394.0
2014-10-20,Category_004,381.0
2014-10-20,Category_005,1076250.0
2014-10-20,Category_006,1097723.0
2014-10-20,Category_007,381942.0
2014-10-20,Category_008,33.0
2014-10-20,Category_009,10749.0
2014-10-20,Category_010,200.0
2014-10-20,Category_011,4467.0
2014-10-20,Category_012,1115.0
2014-10-20,Category_013,834.0
2014-10-20,Category_015,354.0
2014-10-20,Category_017,25.0
2014-10-20,Category_018,268.0
2014-10-20,Category_019,17975947.0
2014-10-20,Category_020,7945.0
2014-10-20,Category_021,20332.0
2014-10-20,Category_022,1174.0
2014-10-20,Category_023,3396.0
2014-10-20,Category_024,3027.0
2014-10-20,Category_025,12000.0
2014-10-20,Category_026,920.0
2014-10-20,Category_028,184423.0
2014-10-20,Category_030,307050.0
2014-10-20,Category_031,12.0
2014-10-20,Category_032,17736.0
2014-10-20,Category_033,310000.0
2014-10-27,Category_001,8258.0
2014-10-27,Category_002,22.0
2014-10-27,Category_003,881.0
2014-10-27,Category_005,924415.0
2014-10-27,Category_006,2342246.0
2014-10-27,Category_007,1289377.0
2014-10-27,Category_008,56.0
2014-10-27,Category_009,7700.0
2014-10-27,Category_011,27661.0
2014-10-27,Category_012,152.0
2014-10-27,Category_013,459.0
2014-10-27,Category_014,4.0
2014-10-27,Category_015,4367.0
2014-10-27,Category_017,6.0
2014-10-27,Category_018,150.0
2014-10-27,Category_019,18671029.0
2014-10-27,Category_020,9939.0
2014-10-27,Category_021,19940.0
2014-10-27,Category_022,5162.0
2014-10-27,Category_023,5478.0
2014-10-27,Category_024,3502.0
2014-10-27,Category_026,1333.0
2014-10-27,Category_028,137260.0
2014-10-27,Category_029,80.0
2014-10-27,Category_030,81200.0
2014-10-27,Category_031,48.0
2014-10-27,Category_032,52646.0
2014-10-27,Category_033,40000.0
2014-11-03,Category_001,7996.0
2014-11-03,Category_003,503.0
2014-11-03,Category_004,260.0
2014-11-03,Category_005,731050.0
2014-11-03,Category_006,2270830.0
2014-11-03,Category_007,489572.0
2014-11-03,Category_008,34.0
2014-11-03,Category_009,21120.0
2014-11-03,Category_010,134.0
2014-11-03,Category_011,5128.0
2014-11-03,Category_012,6.0
2014-11-03,Category_013,847.0
2014-11-03,Category_015,1090.0
2014-11-03,Category_017,11.0
2014-11-03,Category_018,217.0
2014-11-03,Category_019,17633961.0
2014-11-03,Category_020,15612.0
2014-11-03,Category_021,25802.0
2014-11-03,Category_022,2845.0
2014-11-03,Category_023,5981.0
2014-11-03,Category_024,2235.0
2014-11-03,Category_025,30000.0
2014-11-03,Category_026,1458.0
2014-11-03,Category_028,342367.0
2014-11-03,Category_030,233202.0
2014-11-03,Category_031,27.0
2014-11-03,Category_032,7544.0
2014-11-03,Category_033,230000.0
2014-11-10,Category_001,8334.0
2014-11-10,Category_003,2327.0
2014-11-10,Category_004,40.0
2014-11-10,Category_005,863860.0
2014-11-10,Category_006,2190441.0
2014-11-10,Category_007,144981.0
2014-11-10,Category_008,251.0
2014-11-10,Category_009,23921.0
2014-11-10,Category_010,5.0
2014-11-10,Category_011,12986.0
2014-11-10,Category_012,305.0
2014-11-10,Category_013,774.0
2014-11-10,Category_015,1947.0
2014-11-10,Category_017,24.0
2014-11-10,Category_018,413.0
2014-11-10,Category_019,17277894.0
2014-11-10,Category_020,9874.0
2014-11-10,Category_021,10928.0
2014-11-10,Category_022,1345.0
2014-11-10,Category_023,4521.0
2014-11-10,Category_024,3000.0
2014-11-10,Category_026,738.0
2014-11-10,Category_028,293474.0
2014-11-10,Category_029,10.0
2014-11-10,Category_030,261750.0
2014-11-10,Category_031,56.0
2014-11-10,Category_032,12806.0
2014-11-10,Category_033,150000.0
2014-11-17,Category_001,7711.0
2014-11-17,Category_003,2236.0
2014-11-17,Category_004,1260.0
2014-11-17,Category_005,1396810.0
2014-11-17,Category_006,1943732.0
2014-11-17,Category_007,233136.0
2014-11-17,Category_008,64.0
2014-11-17,Category_009,4482.0
2014-11-17,Category_010,20.0
2014-11-17,Category_011,8316.0
2014-11-17,Category_013,160.0
2014-11-17,Category_015,1806.0
2014-11-17,Category_017,93.0
2014-11-17,Category_018,112.0
2014-11-17,Category_019,17525360.0
2014-11-17,Category_020,1975.0
2014-11-17,Category_021,10445.0
2014-11-17,Category_022,7477.0
2014-11-17,Category_023,4336.0
2014-11-17,Category_024,3542.0
2014-11-17,Category_025,42000.0
2014-11-17,Category_026,1426.0
2014-11-17,Category_028,73391.0
2014-11-17,Category_029,100.0
2014-11-17,Category_030,218400.0
2014-11-17,Category_031,46.0
2014-11-17,Category_032,82762.0
2014-11-17,Category_033,140000.0
2014-11-24,Category_001,6811.0
2014-11-24,Category_002,20.0
2014-11-24,Category_003,1868.0
2014-11-24,Category_004,260.0
2014-11-24,Category_005,1027510.0
2014-11-24,Category_006,1093163.0
2014-11-24,Category_007,930444.0
2014-11-24,Category_008,81.0
2014-11-24,Category_009,22922.0
2014-11-24,Category_010,12.0
2014-11-24,Category_011,13646.0
2014-11-24,Category_012,3073.0
2014-11-24,Category_013,1232.0
2014-11-24,Category_015,5323.0
2014-11-24,Category_017,9.0
2014-11-24,Category_018,350.0
2014-11-24,Category_019,18617481.0
2014-11-24,Category_020,47470.0
2014-11-24,Category_021,18945.0
2014-11-24,Category_022,1512.0
2014-11-24,Category_023,494.0
2014-11-24,Category_024,5068.0
2014-11-24,Category_026,601.0
2014-11-24,Category_028,666541.0
2014-11-24,Category_029,20.0
2014-11-24,Category_030,181850.0
2014-11-24,Category_031,92.0
2014-11-24,Category_032,3244.0
2014-11-24,Category_033,130000.0
2014-12-01,Category_001,7977.0
2014-12-01,Category_002,2.0
2014-12-01,Category_003,898.0
2014-12-01,Category_004,1200.0
2014-12-01,Category_005,951650.0
2014-12-01,Category_006,2983442.0
2014-12-01,Category_007,286365.0
2014-12-01,Category_008,26.0
2014-12-01,Category_009,15182.0
2014-12-01,Category_010,-9.0
2014-12-01,Category_011,14678.0
2014-12-01,Category_012,242.0
2014-12-01,Category_013,1796.0
2014-12-01,Category_015,1780.0
2014-12-01,Category_017,11.0
2014-12-01,Category_018,108.0
2014-12-01,Category_019,25213440.0
2014-12-01,Category_020,8878.0
2014-12-01,Category_021,17156.0
2014-12-01,Category_022,502.0
2014-12-01,Category_023,19976.0
2014-12-01,Category_024,2727.0
2014-12-01,Category_026,1291.0
2014-12-01,Category_028,264127.0
2014-12-01,Category_029,92.0
2014-12-01,Category_030,169701.0
2014-12-01,Category_031,27.0
2014-12-01,Category_032,23002.0
2014-12-01,Category_033,70000.0
2014-12-08,Category_001,8594.0
2014-12-08,Category_002,1.0
2014-12-08,Category_003,1745.0
2014-12-08,Category_004,320.0
2014-12-08,Category_005,907120.0
2014-12-08,Category_006,1908731.0
2014-12-08,Category_007,412471.0
2014-12-08,Category_008,65.0
2014-12-08,Category_009,18874.0
2014-12-08,Category_010,53.0
2014-12-08,Category_011,5390.0
2014-12-08,Category_012,246.0
2014-12-08,Category_013,1509.0
2014-12-08,Category_015,3345.0
2014-12-08,Category_017,12.0
2014-12-08,Category_018,126.0
2014-12-08,Category_019,18510965.0
2014-12-08,Category_020,13660.0
2014-12-08,Category_021,14076.0
2014-12-08,Category_022,3299.0
2014-12-08,Category_023,17334.0
2014-12-08,Category_024,5789.0
2014-12-08,Category_026,873.0
2014-12-08,Category_028,250671.0
2014-12-08,Category_029,90.0
2014-12-08,Category_030,187200.0
2014-12-08,Category_031,29.0
2014-12-08,Category_032,17328.0
2014-12-08,Category_033,210000.0
2014-12-15,Category_001,8225.0
2014-12-15,Category_003,1956.0
2014-12-15,Category_004,640.0
2014-12-15,Category_005,1003165.0
2014-12-15,Category_006,1639522.0
2014-12-15,Category_007,347536.0
2014-12-15,Category_008,205.0
2014-12-15,Category_009,13981.0
2014-12-15,Category_010,24.0
2014-12-15,Category_011,4879.0
2014-12-15,Category_012,212.0
2014-12-15,Category_013,699.0
2014-12-15,Category_015,3398.0
2014-12-15,Category_017,31.0
2014-12-15,Category_018,190.0
2014-12-15,Category_019,17965896.0
2014-12-15,Category_020,26054.0
2014-12-15,Category_021,14782.0
2014-12-15,Category_022,1872.0
2014-12-15,Category_023,10810.0
2014-12-15,Category_024,2908.0
2014-12-15,Category_026,882.0
2014-12-15,Category_028,104053.0
2014-12-15,Category_029,230.0
2014-12-15,Category_030,117100.0
2014-12-15,Category_031,10.0
2014-12-15,Category_032,157824.0
2014-12-15,Category_033,320000.0
2014-12-22,Category_001,5947.0
2014-12-22,Category_002,12.0
2014-12-22,Category_003,1827.0
2014-12-22,Category_005,739570.0
2014-12-22,Category_006,1089894.0
2014-12-22,Category_007,758660.0
2014-12-22,Category_008,88.0
2014-12-22,Category_009,7743.0
2014-12-22,Category_010,8.0
2014-12-22,Category_011,4941.0
2014-12-22,Category_012,105.0
2014-12-22,Category_013,738.0
2014-12-22,Category_015,4093.0
2014-12-22,Category_017,8.0
2014-12-22,Category_018,60.0
2014-12-22,Category_019,12640887.0
2014-12-22,Category_020,15333.0
2014-12-22,Category_021,13354.0
2014-12-22,Category_022,511.0
2014-12-22,Category_023,1968.0
2014-12-22,Category_024,5264.0
2014-12-22,Category_026,1872.0
2014-12-22,Category_028,49218.0
2014-12-22,Category_030,200700.0
2014-12-22,Category_031,16.0
2014-12-22,Category_032,24480.0
2014-12-22,Category_033,30000.0
2014-12-29,Category_001,837.0
2014-12-29,Category_002,1.0
2014-12-29,Category_003,715.0
2014-12-29,Category_004,1380.0
2014-12-29,Category_005,457700.0
2014-12-29,Category_006,416000.0
2014-12-29,Category_007,39402.0
2014-12-29,Category_009,6200.0
2014-12-29,Category_011,2225.0
2014-12-29,Category_012,476.0
2014-12-29,Category_015,2868.0
2014-12-29,Category_018,28.0
2014-12-29,Category_019,3645912.0
2014-12-29,Category_020,6600.0
2014-12-29,Category_021,4365.0
2014-12-29,Category_022,2178.0
2014-12-29,Category_023,15780.0
2014-12-29,Category_024,1343.0
2014-12-29,Category_026,3.0
2014-12-29,Category_028,107154.0
2014-12-29,Category_030,238000.0
2014-12-29,Category_031,1.0
2014-12-29,Category_032,4600.0
2015-01-05,Category_001,7662.0
2015-01-05,Category_002,3.0
2015-01-05,Category_003,1880.0
2015-01-05,Category_004,600.0
2015-01-05,Category_005,1590435.0
2015-01-05,Category_006,2447259.0
2015-01-05,Category_007,1019808.0
2015-01-05,Category_008,34.0
2015-01-05,Category_009,7982.0
2015-01-05,Category_010,-4.0
2015-01-05,Category_011,18910.0
2015-01-05,Category_012,4.0
2015-01-05,Category_013,432.0
2015-01-05,Category_015,1565.0
2015-01-05,Category_017,499.0
2015-01-05,Category_018,320.0
2015-01-05,Category_019,23940248.0
2015-01-05,Category_020,4651.0
2015-01-05,Category_021,25169.0
2015-01-05,Category_022,6984.0
2015-01-05,Category_023,128185.0
2015-01-05,Category_024,3405.0
2015-01-05,Category_026,742.0
2015-01-05,Category_028,387368.0
2015-01-05,Category_029,12.0
2015-01-05,Category_030,463100.0
2015-01-05,Category_031,36.0
2015-01-05,Category_032,31790.0
2015-01-05,Category_033,210000.0
2015-01-12,Category_001,9573.0
2015-01-12,Category_002,4.0
2015-01-12,Category_003,1950.0
2015-01-12,Category_005,1753650.0
2015-01-12,Category_006,1577438.0
2015-01-12,Category_007,310757.0
2015-01-12,Category_008,383.0
2015-01-12,Category_009,16284.0
2015-01-12,Category_010,60.0
2015-01-12,Category_011,12414.0
2015-01-12,Category_012,56.0
2015-01-12,Category_013,695.0
2015-01-12,Category_015,2836.0
2015-01-12,Category_017,22.0
2015-01-12,Category_018,113.0
2015-01-12,Category_019,17796222.0
2015-01-12,Category_020,27916.0
2015-01-12,Category_021,21716.0
2015-01-12,Category_022,1537.0
2015-01-12,Category_023,3140.0
2015-01-12,Category_024,3001.0
2015-01-12,Category_025,15000.0
2015-01-12,Category_026,2265.0
2015-01-12,Category_028,93503.0
2015-01-12,Category_029,191.0
2015-01-12,Category_030,323601.0
2015-01-12,Category_031,26.0
2015-01-12,Category_032,7732.0
2015-01-12,Category_033,180000.0
2015-01-19,Category_001,8738.0
2015-01-19,Category_002,4.0
2015-01-19,Category_003,592.0
2015-01-19,Category_005,798735.0
2015-01-19,Category_006,2732442.0
2015-01-19,Category_007,191710.0
2015-01-19,Category_008,30.0
2015-01-19,Category_009,7898.0
2015-01-19,Category_010,43.0
2015-01-19,Category_011,5101.0
2015-01-19,Category_012,19.0
2015-01-19,Category_013,1189.0
2015-01-19,Category_015,2467.0
2015-01-19,Category_018,124.0
2015-01-19,Category_019,20086321.0
2015-01-19,Category_020,5368.0
2015-01-19,Category_021,17807.0
2015-01-19,Category_022,3076.0
2015-01-19,Category_023,2148.0
2015-01-19,Category_024,5708.0
2015-01-19,Category_026,1055.0
2015-01-19,Category_028,215318.0
2015-01-19,Category_029,10.0
2015-01-19,Category_030,113127.0
2015-01-19,Category_031,38.0
2015-01-19,Category_032,11342.0
2015-01-19,Category_033,160000.0
2015-01-26,Category_001,9328.0
2015-01-26,Category_002,8.0
2015-01-26,Category_003,357.0
2015-01-26,Category_005,665675.0
2015-01-26,Category_006,1447331.0
2015-01-26,Category_007,214825.0
2015-01-26,Category_008,8.0
2015-01-26,Category_009,14915.0
2015-01-26,Category_010,4.0
2015-01-26,Category_011,15061.0
2015-01-26,Category_012,437.0
2015-01-26,Category_013,933.0
2015-01-26,Category_015,4365.0
2015-01-26,Category_016,100.0
2015-01-26,Category_017,4.0
2015-01-26,Category_018,87.0
2015-01-26,Category_019,21602234.0
2015-01-26,Category_020,12553.0
2015-01-26,Category_021,20815.0
2015-01-26,Category_022,4898.0
2015-01-26,Category_023,51032.0
2015-01-26,Category_024,2880.0
2015-01-26,Category_026,602.0
2015-01-26,Category_028,171294.0
2015-01-26,Category_030,227400.0
2015-01-26,Category_031,46.0
2015-01-26,Category_032,11662.0
2015-01-26,Category_033,130000.0
2015-02-02,Category_001,8814.0
2015-02-02,Category_003,704.0
2015-02-02,Category_005,1009910.0
2015-02-02,Category_006,4140260.0
2015-02-02,Category_007,445996.0
2015-02-02,Category_008,233.0
2015-02-02,Category_009,5726.0
2015-02-02,Category_010,14.0
2015-02-02,Category_011,21648.0
2015-02-02,Category_012,234.0
2015-02-02,Category_013,2244.0
2015-02-02,Category_015,3253.0
2015-02-02,Category_017,101.0
2015-02-02,Category_018,195.0
2015-02-02,Category_019,18777674.0
2015-02-02,Category_020,5583.0
2015-02-02,Category_021,24942.0
2015-02-02,Category_022,733.0
2015-02-02,Category_023,43281.0
2015-02-02,Category_024,3778.0
2015-02-02,Category_026,2639.0
2015-02-02,Category_028,138977.0
2015-02-02,Category_029,60.0
2015-02-02,Category_030,415150.0
2015-02-02,Category_031,11.0
2015-02-02,Category_032,18508.0
2015-02-02,Category_033,160000.0
2015-02-09,Category_001,9073.0
2015-02-09,Category_003,4701.0
2015-02-09,Category_004,200.0
2015-02-09,Category_005,1338150.0
2015-02-09,Category_006,1524311.0
2015-02-09,Category_007,886516.0
2015-02-09,Category_008,28.0
2015-02-09,Category_009,16369.0
2015-02-09,Category_010,222.0
2015-02-09,Category_011,7094.0
2015-02-09,Category_012,5.0
2015-02-09,Category_013,2134.0
2015-02-09,Category_015,2218.0
2015-02-09,Category_017,4.0
2015-02-09,Category_018,213.0
2015-02-09,Category_019,18441433.0
2015-02-09,Category_020,6015.0
2015-02-09,Category_021,27065.0
2015-02-09,Category_022,2115.0
2015-02-09,Category_023,9421.0
2015-02-09,Category_024,5228.0
2015-02-09,Category_026,3218.0
2015-02-09,Category_028,86095.0
2015-02-09,Category_030,164277.0
2015-02-09,Category_031,67.0
2015-02-09,Category_032,88908.0
2015-02-09,Category_033,140000.0
2015-02-16,Category_001,10402.0
2015-02-16,Category_003,478.0
2015-02-16,Category_004,800.0
2015-02-16,Category_005,1204190.0
2015-02-16,Category_006,3195772.0
2015-02-16,Category_007,601403.0
2015-02-16,Category_008,89.0
2015-02-16,Category_009,27458.0
2015-02-16,Category_010,42.0
2015-02-16,Category_011,11333.0
2015-02-16,Category_012,31.0
2015-02-16,Category_013,721.0
2015-02-16,Category_015,2718.0
2015-02-16,Category_017,9.0
2015-02-16,Category_018,227.0
2015-02-16,Category_019,15699019.0
2015-02-16,Category_020,137.0
2015-02-16,Category_021,38547.0
2015-02-16,Category_022,889.0
2015-02-16,Category_023,13927.0
2015-02-16,Category_024,2083.0
2015-02-16,Category_026,910.0
2015-02-16,Category_028,160135.0
2015-02-16,Category_029,60.0
2015-02-16,Category_030,434627.0
2015-02-16,Category_031,33.0
2015-02-16,Category_032,7394.0
2015-02-16,Category_033,210000.0
2015-02-23,Category_001,8443.0
2015-02-23,Category_003,1744.0
2015-02-23,Category_004,1700.0
2015-02-23,Category_005,1158815.0
2015-02-23,Category_006,1231234.0
2015-02-23,Category_007,170605.0
2015-02-23,Category_008,119.0
2015-02-23,Category_009,36566.0
2015-02-23,Category_010,28.0
2015-02-23,Category_011,5696.0
2015-02-23,Category_012,291.0
2015-02-23,Category_013,1028.0
2015-02-23,Category_014,20.0
2015-02-23,Category_015,5103.0
2015-02-23,Category_017,14.0
2015-02-23,Category_018,299.0
2015-02-23,Category_019,15582686.0
2015-02-23,Category_020,9850.0
2015-02-23,Category_021,18545.0
2015-02-23,Category_022,1702.0
2015-02-23,Category_023,81174.0
2015-02-23,Category_024,2699.0
2015-02-23,Category_026,827.0
2015-02-23,Category_028,265867.0
2015-02-23,Category_029,178.0
2015-02-23,Category_030,151500.0
2015-02-23,Category_031,43.0
2015-02-23,Category_032,2322.0
2015-02-23,Category_033,150000.0
2015-03-02,Category_001,7856.0
2015-03-02,Category_003,1476.0
2015-03-02,Category_005,1006745.0
2015-03-02,Category_006,1687348.0
2015-03-02,Category_007,666270.0
2015-03-02,Category_008,32.0
2015-03-02,Category_009,18130.0
2015-03-02,Category_010,61.0
2015-03-02,Category_011,7006.0
2015-03-02,Category_012,1807.0
2015-03-02,Category_013,2917.0
2015-03-02,Category_014,6.0
2015-03-02,Category_015,2976.0
2015-03-02,Category_017,15.0
2015-03-02,Category_018,306.0
2015-03-02,Category_019,17691735.0
2015-03-02,Category_020,20232.0
2015-03-02,Category_021,14836.0
2015-03-02,Category_022,3257.0
2015-03-02,Category_023,8337.0
2015-03-02,Category_024,3372.0
2015-03-02,Category_026,981.0
2015-03-02,Category_028,215612.0
2015-03-02,Category_030,249650.0
2015-03-02,Category_031,21.0
2015-03-02,Category_032,3502.0
2015-03-02,Category_033,170000.0
2015-03-09,Category_001,8827.0
2015-03-09,Category_002,7.0
2015-03-09,Category_003,3634.0
2015-03-09,Category_004,1000.0
2015-03-09,Category_005,864925.0
2015-03-09,Category_006,1972495.0
2015-03-09,Category_007,684398.0
2015-03-09,Category_008,102.0
2015-03-09,Category_009,22746.0
2015-03-09,Category_010,24.0
2015-03-09,Category_011,8887.0
2015-03-09,Category_012,98.0
2015-03-09,Category_013,1320.0
2015-03-09,Category_015,2590.0
2015-03-09,Category_018,131.0
2015-03-09,Category_019,20786924.0
2015-03-09,Category_020,5824.0
2015-03-09,Category_021,18196.0
2015-03-09,Category_022,2902.0
2015-03-09,Category_023,8942.0
2015-03-09,Category_024,4471.0
2015-03-09,Category_025,21000.0
2015-03-09,Category_026,1458.0
2015-03-09,Category_028,157108.0
2015-03-09,Category_029,21.0
2015-03-09,Category_030,219300.0
2015-03-09,Category_031,44.0
2015-03-09,Category_032,1754.0
2015-03-09,Category_033,170000.0
2015-03-16,Category_001,7605.0
2015-03-16,Category_003,1465.0
2015-03-16,Category_004,80.0
2015-03-16,Category_005,945640.0
2015-03-16,Category_006,1990933.0
2015-03-16,Category_007,481056.0
2015-03-16,Category_008,260.0
2015-03-16,Category_009,9143.0
2015-03-16,Category_010,162.0
2015-03-16,Category_011,12855.0
2015-03-16,Category_012,49.0
2015-03-16,Category_013,2421.0
2015-03-16,Category_015,2306.0
2015-03-16,Category_017,49.0
2015-03-16,Category_018,257.0
2015-03-16,Category_019,16107404.0
2015-03-16,Category_020,1986.0
2015-03-16,Category_021,17148.0
2015-03-16,Category_022,2545.0
2015-03-16,Category_023,9645.0
2015-03-16,Category_024,4518.0
2015-03-16,Category_026,426.0
2015-03-16,Category_028,331636.0
2015-03-16,Category_029,20.0
2015-03-16,Category_030,324400.0
2015-03-16,Category_031,127.0
2015-03-16,Category_032,47140.0
2015-03-16,Category_033,80000.0
2015-03-23,Category_001,8132.0
2015-03-23,Category_003,1946.0
2015-03-23,Category_004,1800.0
2015-03-23,Category_005,1105860.0
2015-03-23,Category_006,2816138.0
2015-03-23,Category_007,1700159.0
2015-03-23,Category_008,83.0
2015-03-23,Category_009,20400.0
2015-03-23,Category_010,32.0
2015-03-23,Category_011,9344.0
2015-03-23,Category_012,44.0
2015-03-23,Category_013,626.0
2015-03-23,Category_015,3825.0
2015-03-23,Category_017,-687.0
2015-03-23,Category_018,111.0
2015-03-23,Category_019,20494341.0
2015-03-23,Category_020,49628.0
2015-03-23,Category_021,31156.0
2015-03-23,Category_022,2574.0
2015-03-23,Category_023,12384.0
2015-03-23,Category_024,6897.0
2015-03-23,Category_026,3085.0
2015-03-23,Category_028,152158.0
2015-03-23,Category_030,235450.0
2015-03-23,Category_031,118.0
2015-03-23,Category_032,18916.0
2015-03-23,Category_033,100000.0
2015-03-30,Category_001,5678.0
2015-03-30,Category_003,860.0
2015-03-30,Category_004,200.0
2015-03-30,Category_005,1137950.0
2015-03-30,Category_006,2000027.0
2015-03-30,Category_007,1826893.0
2015-03-30,Category_008,353.0
2015-03-30,Category_009,20452.0
2015-03-30,Category_010,30.0
2015-03-30,Category_011,8988.0
2015-03-30,Category_012,803.0
2015-03-30,Category_013,915.0
2015-03-30,Category_015,2752.0
2015-03-30,Category_017,37.0
2015-03-30,Category_018,205.0
2015-03-30,Category_019,21234328.0
2015-03-30,Category_020,2282.0
2015-03-30,Category_021,17801.0
2015-03-30,Category_022,3409.0
2015-03-30,Category_023,20320.0
2015-03-30,Category_024,2074.0
2015-03-30,Category_026,688.0
2015-03-30,Category_028,306416.0
2015-03-30,Category_029,10.0
2015-03-30,Category_030,89750.0
2015-03-30,Category_031,31.0
2015-03-30,Category_032,2152.0
2015-03-30,Category_033,90000.0
2015-04-06,Category_001,6857.0
2015-04-06,Category_002,-4.0
2015-04-06,Category_003,476.0
2015-04-06,Category_004,700.0
2015-04-06,Category_005,860060.0
2015-04-06,Category_006,1446722.0
2015-04-06,Category_007,876912.0
2015-04-06,Category_008,26.0
2015-04-06,Category_009,17079.0
2015-04-06,Category_010,34.0
2015-04-06,Category_011,25911.0
2015-04-06,Category_012,389.0
2015-04-06,Category_013,26.0
2015-04-06,Category_015,1976.0
2015-04-06,Category_017,2.0
2015-04-06,Category_018,87.0
2015-04-06,Category_019,14956656.0
2015-04-06,Category_020,75114.0
2015-04-06,Category_021,17900.0
2015-04-06,Category_022,1131.0
2015-04-06,Category_023,16812.0
2015-04-06,Category_024,2324.0
2015-04-06,Category_026,1681.0
2015-04-06,Category_028,241622.0
2015-04-06,Category_029,20.0
2015-04-06,Category_030,109500.0
2015-04-06,Category_031,35.0
2015-04-06,Category_032,2592.0
2015-04-06,Category_033,360000.0
2015-04-13,Category_001,10013.0
2015-04-13,Category_003,860.0
2015-04-13,Category_004,800.0
2015-04-13,Category_005,852400.0
2015-04-13,Category_006,1772293.0
2015-04-13,Category_007,573852.0
2015-04-13,Category_008,134.0
2015-04-13,Category_009,14065.0
2015-04-13,Category_010,10.0
2015-04-13,Category_011,6878.0
2015-04-13,Category_013,806.0
2015-04-13,Category_015,4352.0
2015-04-13,Category_017,136.0
2015-04-13,Category_018,298.0
2015-04-13,Category_019,15289833.0
2015-04-13,Category_020,800.0
2015-04-13,Category_021,14887.0
2015-04-13,Category_022,693.0
2015-04-13,Category_023,7475.0
2015-04-13,Category_024,13432.0
2015-04-13,Category_026,904.0
2015-04-13,Category_028,258752.0
2015-04-13,Category_030,220400.0
2015-04-13,Category_031,44.0
2015-04-13,Category_032,10532.0
2015-04-13,Category_033,150000.0
2015-04-20,Category_001,5996.0
2015-04-20,Category_003,1865.0
2015-04-20,Category_005,796170.0
2015-04-20,Category_006,1983332.0
2015-04-20,Category_007,113142.0
2015-04-20,Category_008,51.0
2015-04-20,Category_009,22037.0
2015-04-20,Category_010,12.0
2015-04-20,Category_011,10526.0
2015-04-20,Category_012,726.0
2015-04-20,Category_013,684.0
2015-04-20,Category_015,4872.0
2015-04-20,Category_017,10.0
2015-04-20,Category_018,156.0
2015-04-20,Category_019,19225033.0
2015-04-20,Category_020,2990.0
2015-04-20,Category_021,26590.0
2015-04-20,Category_022,1809.0
2015-04-20,Category_023,4601.0
2015-04-20,Category_024,17442.0
2015-04-20,Category_026,1086.0
2015-04-20,Category_028,206003.0
2015-04-20,Category_030,17750.0
2015-04-20,Category_031,24.0
2015-04-20,Category_032,48578.0
2015-04-20,Category_033,60000.0
2015-04-27,Category_001,5856.0
2015-04-27,Category_002,9.0
2015-04-27,Category_003,441.0
2015-04-27,Category_005,704060.0
2015-04-27,Category_006,756932.0
2015-04-27,Category_007,1129739.0
2015-04-27,Category_008,63.0
2015-04-27,Category_009,5622.0
2015-04-27,Category_010,32.0
2015-04-27,Category_011,11953.0
2015-04-27,Category_012,356.0
2015-04-27,Category_013,1743.0
2015-04-27,Category_014,1.0
2015-04-27,Category_015,1504.0
2015-04-27,Category_017,662.0
2015-04-27,Category_018,219.0
2015-04-27,Category_019,15469957.0
2015-04-27,Category_020,2780.0
2015-04-27,Category_021,11997.0
2015-04-27,Category_022,6599.0
2015-04-27,Category_023,30983.0
2015-04-27,Category_024,2232.0
2015-04-27,Category_026,707.0
2015-04-27,Category_028,139690.0
2015-04-27,Category_029,20.0
2015-04-27,Category_030,114050.0
2015-04-27,Category_031,44.0
2015-04-27,Category_032,22792.0
2015-04-27,Category_033,180000.0
2015-05-04,Category_001,3738.0
2015-05-04,Category_002,6.0
2015-05-04,Category_003,2254.0
2015-05-04,Category_005,538375.0
2015-05-04,Category_006,1400230.0
2015-05-04,Category_007,113210.0
2015-05-04,Category_008,59.0
2015-05-04,Category_009,19581.0
2015-05-04,Category_010,27.0
2015-05-04,Category_011,11073.0
2015-05-04,Category_012,990.0
2015-05-04,Category_013,184.0
2015-05-04,Category_014,2.0
2015-05-04,Category_015,1489.0
2015-05-04,Category_017,15.0
2015-05-04,Category_018,119.0
2015-05-04,Category_019,12806839.0
2015-05-04,Category_020,5300.0
2015-05-04,Category_021,17004.0
2015-05-04,Category_022,1610.0
2015-05-04,Category_023,1120.0
2015-05-04,Category_024,2049.0
2015-05-04,Category_026,982.0
2015-05-04,Category_028,119158.0
2015-05-04,Category_029,11.0
2015-05-04,Category_030,189700.0
2015-05-04,Category_031,65.0
2015-05-04,Category_032,40742.0
2015-05-04,Category_033,30000.0
2015-05-11,Category_001,6847.0
2015-05-11,Category_003,1054.0
2015-05-11,Category_005,749710.0
2015-05-11,Category_006,1337333.0
2015-05-11,Category_007,610484.0
2015-05-11,Category_008,44.0
2015-05-11,Category_009,14943.0
2015-05-11,Category_010,108.0
2015-05-11,Category_011,9059.0
2015-05-11,Category_012,788.0
2015-05-11,Category_013,299.0
2015-05-11,Category_014,2.0
2015-05-11,Category_015,2066.0
2015-05-11,Category_017,60.0
2015-05-11,Category_018,133.0
2015-05-11,Category_019,15997173.0
2015-05-11,Category_020,8033.0
2015-05-11,Category_021,17944.0
2015-05-11,Category_022,3783.0
2015-05-11,Category_023,22121.0
2015-05-11,Category_024,4000.0
2015-05-11,Category_026,797.0
2015-05-11,Category_028,205587.0
2015-05-11,Category_029,70.0
2015-05-11,Category_030,92550.0
2015-05-11,Category_031,26.0
2015-05-11,Category_032,3528.0
2015-05-11,Category_033,150000.0
2015-05-18,Category_001,6451.0
2015-05-18,Category_002,30.0
2015-05-18,Category_003,2122.0
2015-05-18,Category_004,560.0
2015-05-18,Category_005,758725.0
2015-05-18,Category_006,1149210.0
2015-05-18,Category_007,418603.0
2015-05-18,Category_008,350.0
2015-05-18,Category_009,9241.0
2015-05-18,Category_010,40.0
2015-05-18,Category_011,9572.0
2015-05-18,Category_012,169.0
2015-05-18,Category_013,899.0
2015-05-18,Category_015,2713.0
2015-05-18,Category_017,-29.0
2015-05-18,Category_018,69.0
2015-05-18,Category_019,19789851.0
2015-05-18,Category_020,1695.0
2015-05-18,Category_021,14548.0
2015-05-18,Category_022,1190.0
2015-05-18,Category_023,14030.0
2015-05-18,Category_024,2383.0
2015-05-18,Category_025,6000.0
2015-05-18,Category_026,1062.0
2015-05-18,Category_028,168690.0
2015-05-18,Category_029,8.0
2015-05-18,Category_030,260001.0
2015-05-18,Category_031,78.0
2015-05-18,Category_032,4428.0
2015-05-18,Category_033,180000.0
2015-05-25,Category_001,6640.0
2015-05-25,Category_002,7.0
2015-05-25,Category_003,2699.0
2015-05-25,Category_005,883875.0
2015-05-25,Category_006,1759837.0
2015-05-25,Category_007,311666.0
2015-05-25,Category_008,5.0
2015-05-25,Category_009,25605.0
2015-05-25,Category_010,19.0
2015-05-25,Category_011,5017.0
2015-05-25,Category_012,102.0
2015-05-25,Category_013,138.0
2015-05-25,Category_015,4570.0
2015-05-25,Category_017,9.0
2015-05-25,Category_018,97.0
2015-05-25,Category_019,16325377.0
2015-05-25,Category_020,3251.0
2015-05-25,Category_021,14144.0
2015-05-25,Category_022,4866.0
2015-05-25,Category_023,4110.0
2015-05-25,Category_024,5209.0
2015-05-25,Category_025,9000.0
2015-05-25,Category_026,815.0
2015-05-25,Category_027,1.0
2015-05-25,Category_028,61576.0
2015-05-25,Category_029,160.0
2015-05-25,Category_030,231500.0
2015-05-25,Category_031,30.0
2015-05-25,Category_032,121456.0
2015-05-25,Category_033,90000.0
2015-06-01,Category_001,6453.0
2015-06-01,Category_003,1400.0
2015-06-01,Category_005,692250.0
2015-06-01,Category_006,2074883.0
2015-06-01,Category_007,102688.0
2015-06-01,Category_008,7.0
2015-06-01,Category_009,15418.0
2015-06-01,Category_010,61.0
2015-06-01,Category_011,8325.0
2015-06-01,Category_012,36.0
2015-06-01,Category_013,275.0
2015-06-01,Category_015,3362.0
2015-06-01,Category_017,60.0
2015-06-01,Category_018,287.0
2015-06-01,Category_019,15441670.0
2015-06-01,Category_020,52110.0
2015-06-01,Category_021,26581.0
2015-06-01,Category_022,5202.0
2015-06-01,Category_023,23833.0
2015-06-01,Category_024,4191.0
2015-06-01,Category_026,1109.0
2015-06-01,Category_028,76575.0
2015-06-01,Category_029,20.0
2015-06-01,Category_030,155900.0
2015-06-01,Category_031,46.0
2015-06-01,Category_032,68944.0
2015-06-01,Category_033,120000.0
2015-06-08,Category_001,6536.0
2015-06-08,Category_002,15.0
2015-06-08,Category_003,2252.0
2015-06-08,Category_005,719010.0
2015-06-08,Category_006,1994276.0
2015-06-08,Category_007,374890.0
2015-06-08,Category_008,18.0
2015-06-08,Category_009,10134.0
2015-06-08,Category_010,118.0
2015-06-08,Category_011,12340.0
2015-06-08,Category_012,63.0
2015-06-08,Category_013,1002.0
2015-06-08,Category_015,1903.0
2015-06-08,Category_016,1154.0
2015-06-08,Category_017,25.0
2015-06-08,Category_018,197.0
2015-06-08,Category_019,17411917.0
2015-06-08,Category_020,5605.0
2015-06-08,Category_021,9539.0
2015-06-08,Category_022,278.0
2015-06-08,Category_023,11110.0
2015-06-08,Category_024,2772.0
2015-06-08,Category_026,1412.0
2015-06-08,Category_028,188338.0
2015-06-08,Category_029,10.0
2015-06-08,Category_030,112600.0
2015-06-08,Category_031,19.0
2015-06-08,Category_032,3234.0
2015-06-08,Category_033,350000.0
2015-06-15,Category_001,6823.0
2015-06-15,Category_003,2545.0
2015-06-15,Category_005,1022580.0
2015-06-15,Category_006,1282669.0
2015-06-15,Category_007,127455.0
2015-06-15,Category_008,153.0
2015-06-15,Category_009,27660.0
2015-06-15,Category_010,60.0
2015-06-15,Category_011,14770.0
2015-06-15,Category_012,714.0
2015-06-15,Category_013,512.0
2015-06-15,Category_015,3353.0
2015-06-15,Category_017,18.0
2015-06-15,Category_018,366.0
2015-06-15,Category_019,17044716.0
2015-06-15,Category_020,36510.0
2015-06-15,Category_021,18539.0
2015-06-15,Category_022,3998.0
2015-06-15,Category_023,7591.0
2015-06-15,Category_024,2091.0
2015-06-15,Category_026,1024.0
2015-06-15,Category_028,738588.0
2015-06-15,Category_029,65.0
2015-06-15,Category_030,101350.0
2015-06-15,Category_031,78.0
2015-06-15,Category_032,1428.0
2015-06-15,Category_033,40000.0
2015-06-22,Category_001,11627.0
2015-06-22,Category_002,8.0
2015-06-22,Category_003,3495.0
2015-06-22,Category_005,617855.0
2015-06-22,Category_006,1694568.0
2015-06-22,Category_007,302646.0
2015-06-22,Category_008,119.0
2015-06-22,Category_009,28948.0
2015-06-22,Category_010,133.0
2015-06-22,Category_011,5301.0
2015-06-22,Category_012,96.0
2015-06-22,Category_013,-104.0
2015-06-22,Category_015,2346.0
2015-06-22,Category_017,25.0
2015-06-22,Category_018,181.0
2015-06-22,Category_019,17648855.0
2015-06-22,Category_020,11500.0
2015-06-22,Category_021,13897.0
2015-06-22,Category_022,1704.0
2015-06-22,Category_023,16811.0
2015-06-22,Category_024,2453.0
2015-06-22,Category_026,440.0
2015-06-22,Category_028,150392.0
2015-06-22,Category_029,43.0
2015-06-22,Category_030,146200.0
2015-06-22,Category_031,36.0
2015-06-22,Category_032,21096.0
2015-06-22,Category_033,110000.0
2015-06-29,Category_001,8208.0
2015-06-29,Category_003,1484.0
2015-06-29,Category_004,800.0
2015-06-29,Category_005,847950.0
2015-06-29,Category_006,2913753.0
2015-06-29,Category_007,848872.0
2015-06-29,Category_008,51.0
2015-06-29,Category_009,21612.0
2015-06-29,Category_010,82.0
2015-06-29,Category_011,15581.0
2015-06-29,Category_012,292.0
2015-06-29,Category_013,842.0
2015-06-29,Category_015,2798.0
2015-06-29,Category_016,24.0
2015-06-29,Category_017,212.0
2015-06-29,Category_018,295.0
2015-06-29,Category_019,25045333.0
2015-06-29,Category_021,18185.0
2015-06-29,Category_022,3881.0
2015-06-29,Category_023,19383.0
2015-06-29,Category_024,6192.0
2015-06-29,Category_026,643.0
2015-06-29,Category_028,139888.0
2015-06-29,Category_029,106.0
2015-06-29,Category_030,320450.0
2015-06-29,Category_031,20.0
2015-06-29,Category_032,6912.0
2015-06-29,Category_033,100000.0
2015-07-06,Category_001,6185.0
2015-07-06,Category_003,841.0
2015-07-06,Category_004,20.0
2015-07-06,Category_005,614320.0
2015-07-06,Category_006,1906954.0
2015-07-06,Category_007,311154.0
2015-07-06,Category_008,128.0
2015-07-06,Category_009,12725.0
2015-07-06,Category_010,20.0
2015-07-06,Category_011,5654.0
2015-07-06,Category_012,271.0
2015-07-06,Category_013,502.0
2015-07-06,Category_015,1897.0
2015-07-06,Category_017,3.0
2015-07-06,Category_018,173.0
2015-07-06,Category_019,14854077.0
2015-07-06,Category_020,1650.0
2015-07-06,Category_021,17466.0
2015-07-06,Category_022,1642.0
2015-07-06,Category_023,8720.0
2015-07-06,Category_024,2063.0
2015-07-06,Category_026,756.0
2015-07-06,Category_028,106548.0
2015-07-06,Category_030,126101.0
2015-07-06,Category_031,34.0
2015-07-06,Category_032,7298.0
2015-07-06,Category_033,400000.0
2015-07-13,Category_001,10245.0
2015-07-13,Category_003,572.0
2015-07-13,Category_005,599645.0
2015-07-13,Category_006,1406728.0
2015-07-13,Category_007,307481.0
2015-07-13,Category_008,36.0
2015-07-13,Category_009,7809.0
2015-07-13,Category_010,19.0
2015-07-13,Category_011,10990.0
2015-07-13,Category_012,71.0
2015-07-13,Category_013,62.0
2015-07-13,Category_015,1706.0
2015-07-13,Category_017,6.0
2015-07-13,Category_018,115.0
2015-07-13,Category_019,19414689.0
2015-07-13,Category_020,4050.0
2015-07-13,Category_021,8771.0
2015-07-13,Category_022,772.0
2015-07-13,Category_023,4100.0
2015-07-13,Category_024,4150.0
2015-07-13,Category_026,393.0
2015-07-13,Category_028,177800.0
2015-07-13,Category_029,-10.0
2015-07-13,Category_030,82701.0
2015-07-13,Category_031,41.0
2015-07-13,Category_032,5958.0
2015-07-13,Category_033,130000.0
2015-07-20,Category_001,5807.0
2015-07-20,Category_002,6.0
2015-07-20,Category_003,3015.0
2015-07-20,Category_005,925260.0
2015-07-20,Category_006,1128144.0
2015-07-20,Category_007,133861.0
2015-07-20,Category_008,48.0
2015-07-20,Category_009,11177.0
2015-07-20,Category_010,0.0
2015-07-20,Category_011,6283.0
2015-07-20,Category_012,91.0
2015-07-20,Category_013,238.0
2015-07-20,Category_015,1698.0
2015-07-20,Category_016,800.0
2015-07-20,Category_017,102.0
2015-07-20,Category_018,99.0
2015-07-20,Category_019,16723963.0
2015-07-20,Category_020,8.0
2015-07-20,Category_021,13140.0
2015-07-20,Category_022,3795.0
2015-07-20,Category_023,30061.0
2015-07-20,Category_024,2242.0
2015-07-20,Category_026,1055.0
2015-07-20,Category_028,36164.0
2015-07-20,Category_029,12.0
2015-07-20,Category_030,266000.0
2015-07-20,Category_031,129.0
2015-07-20,Category_032,6048.0
2015-07-20,Category_033,220000.0
2015-07-27,Category_001,8294.0
2015-07-27,Category_003,2106.0
2015-07-27,Category_004,120.0
2015-07-27,Category_005,1017950.0
2015-07-27,Category_006,2843076.0
2015-07-27,Category_007,271727.0
2015-07-27,Category_008,10.0
2015-07-27,Category_009,13054.0
2015-07-27,Category_010,117.0
2015-07-27,Category_011,11650.0
2015-07-27,Category_012,132.0
2015-07-27,Category_013,3841.0
2015-07-27,Category_014,10.0
2015-07-27,Category_015,5392.0
2015-07-27,Category_017,12.0
2015-07-27,Category_018,139.0
2015-07-27,Category_019,19444635.0
2015-07-27,Category_020,2575.0
2015-07-27,Category_021,17793.0
2015-07-27,Category_022,1935.0
2015-07-27,Category_023,4365.0
2015-07-27,Category_024,2604.0
2015-07-27,Category_026,1183.0
2015-07-27,Category_027,6.0
2015-07-27,Category_028,359559.0
2015-07-27,Category_029,20.0
2015-07-27,Category_030,127900.0
2015-07-27,Category_031,34.0
2015-07-27,Category_032,16592.0
2015-07-27,Category_033,140000.0
2015-08-03,Category_001,8463.0
2015-08-03,Category_003,2541.0
2015-08-03,Category_004,100.0
2015-08-03,Category_005,616345.0
2015-08-03,Category_006,2582637.0
2015-08-03,Category_007,458629.0
2015-08-03,Category_008,26.0
2015-08-03,Category_009,15599.0
2015-08-03,Category_010,22.0
2015-08-03,Category_011,10134.0
2015-08-03,Category_012,14.0
2015-08-03,Category_013,505.0
2015-08-03,Category_015,5186.0
2015-08-03,Category_016,12016.0
2015-08-03,Category_017,16.0
2015-08-03,Category_018,103.0
2015-08-03,Category_019,20619964.0
2015-08-03,Category_020,2740.0
2015-08-03,Category_021,12350.0
2015-08-03,Category_022,7750.0
2015-08-03,Category_023,2170.0
2015-08-03,Category_024,6203.0
2015-08-03,Category_026,662.0
2015-08-03,Category_028,190793.0
2015-08-03,Category_029,20.0
2015-08-03,Category_030,248900.0
2015-08-03,Category_031,89.0
2015-08-03,Category_032,5078.0
2015-08-03,Category_033,130000.0
2015-08-10,Category_001,5802.0
2015-08-10,Category_003,1408.0
2015-08-10,Category_004,1200.0
2015-08-10,Category_005,267200.0
2015-08-10,Category_006,330609.0
2015-08-10,Category_007,189228.0
2015-08-10,Category_008,31.0
2015-08-10,Category_009,11606.0
2015-08-10,Category_011,8652.0
2015-08-10,Category_012,590.0
2015-08-10,Category_013,507.0
2015-08-10,Category_014,1.0
2015-08-10,Category_015,4197.0
2015-08-10,Category_017,59.0
2015-08-10,Category_018,211.0
2015-08-10,Category_019,7993991.0
2015-08-10,Category_020,21040.0
2015-08-10,Category_021,15018.0
2015-08-10,Category_022,989.0
2015-08-10,Category_023,4830.0
2015-08-10,Category_024,1673.0
2015-08-10,Category_026,1000.0
2015-08-10,Category_027,10.0
2015-08-10,Category_028,88704.0
2015-08-10,Category_030,255302.0
2015-08-10,Category_031,34.0
2015-08-10,Category_032,696.0
2015-08-10,Category_033,50000.0
2015-08-17,Category_001,7955.0
2015-08-17,Category_002,2.0
2015-08-17,Category_003,800.0
2015-08-17,Category_004,280.0
2015-08-17,Category_005,1139615.0
2015-08-17,Category_006,1146663.0
2015-08-17,Category_007,291861.0
2015-08-17,Category_008,138.0
2015-08-17,Category_009,10956.0
2015-08-17,Category_010,4.0
2015-08-17,Category_011,5670.0
2015-08-17,Category_012,624.0
2015-08-17,Category_013,531.0
2015-08-17,Category_014,6.0
2015-08-17,Category_015,5360.0
2015-08-17,Category_016,50.0
2015-08-17,Category_017,414.0
2015-08-17,Category_018,192.0
2015-08-17,Category_019,19922867.0
2015-08-17,Category_020,30537.0
2015-08-17,Category_021,15808.0
2015-08-17,Category_022,1437.0
2015-08-17,Category_023,3375.0
2015-08-17,Category_024,2661.0
2015-08-17,Category_026,313.0
2015-08-17,Category_028,267795.0
2015-08-17,Category_029,30.0
2015-08-17,Category_030,160800.0
2015-08-17,Category_031,25.0
2015-08-17,Category_032,55560.0
2015-08-17,Category_033,280000.0
2015-08-24,Category_001,5588.0
2015-08-24,Category_003,1754.0
2015-08-24,Category_005,491635.0
2015-08-24,Category_006,2705903.0
2015-08-24,Category_007,393364.0
2015-08-24,Category_008,41.0
2015-08-24,Category_009,18459.0
2015-08-24,Category_010,131.0
2015-08-24,Category_011,2466.0
2015-08-24,Category_012,297.0
2015-08-24,Category_013,1058.0
2015-08-24,Category_015,2755.0
2015-08-24,Category_017,6.0
2015-08-24,Category_018,67.0
2015-08-24,Category_019,14563384.0
2015-08-24,Category_020,12471.0
2015-08-24,Category_021,14144.0
2015-08-24,Category_022,4978.0
2015-08-24,Category_023,18097.0
2015-08-24,Category_024,2194.0
2015-08-24,Category_026,1432.0
2015-08-24,Category_028,72082.0
2015-08-24,Category_030,73950.0
2015-08-24,Category_031,49.0
2015-08-24,Category_032,7186.0
2015-08-24,Category_033,80000.0
2015-08-31,Category_001,7320.0
2015-08-31,Category_003,1595.0
2015-08-31,Category_005,1164380.0
2015-08-31,Category_006,1654982.0
2015-08-31,Category_007,775239.0
2015-08-31,Category_008,17.0
2015-08-31,Category_009,17943.0
2015-08-31,Category_010,56.0
2015-08-31,Category_011,8875.0
2015-08-31,Category_012,429.0
2015-08-31,Category_013,222.0
2015-08-31,Category_015,2176.0
2015-08-31,Category_017,656.0
2015-08-31,Category_018,204.0
2015-08-31,Category_019,21736503.0
2015-08-31,Category_020,16120.0
2015-08-31,Category_021,28695.0
2015-08-31,Category_022,3306.0
2015-08-31,Category_023,5300.0
2015-08-31,Category_024,3090.0
2015-08-31,Category_026,1165.0
2015-08-31,Category_028,145034.0
2015-08-31,Category_029,22.0
2015-08-31,Category_030,164276.0
2015-08-31,Category_031,30.0
2015-08-31,Category_032,42636.0
2015-08-31,Category_033,190000.0
2015-09-07,Category_001,7033.0
2015-09-07,Category_003,569.0
2015-09-07,Category_004,600.0
2015-09-07,Category_005,542205.0
2015-09-07,Category_006,1654774.0
2015-09-07,Category_007,130708.0
2015-09-07,Category_008,61.0
2015-09-07,Category_009,11914.0
2015-09-07,Category_010,400.0
2015-09-07,Category_011,15538.0
2015-09-07,Category_012,-135.0
2015-09-07,Category_013,508.0
2015-09-07,Category_015,7599.0
2015-09-07,Category_017,5.0
2015-09-07,Category_018,212.0
2015-09-07,Category_019,18386403.0
2015-09-07,Category_020,6760.0
2015-09-07,Category_021,17932.0
2015-09-07,Category_022,2374.0
2015-09-07,Category_023,8572.0
2015-09-07,Category_024,4282.0
2015-09-07,Category_026,707.0
2015-09-07,Category_028,177147.0
2015-09-07,Category_030,132800.0
2015-09-07,Category_031,42.0
2015-09-07,Category_032,1444.0
2015-09-07,Category_033,150000.0
2015-09-14,Category_001,8086.0
2015-09-14,Category_002,8.0
2015-09-14,Category_003,1096.0
2015-09-14,Category_004,400.0
2015-09-14,Category_005,676350.0
2015-09-14,Category_006,1006349.0
2015-09-14,Category_007,346407.0
2015-09-14,Category_008,110.0
2015-09-14,Category_009,17103.0
2015-09-14,Category_010,259.0
2015-09-14,Category_011,11066.0
2015-09-14,Category_012,2055.0
2015-09-14,Category_013,1472.0
2015-09-14,Category_015,4723.0
2015-09-14,Category_017,433.0
2015-09-14,Category_018,74.0
2015-09-14,Category_019,14790115.0
2015-09-14,Category_020,8311.0
2015-09-14,Category_021,15670.0
2015-09-14,Category_022,2760.0
2015-09-14,Category_023,13698.0
2015-09-14,Category_024,3706.0
2015-09-14,Category_026,1357.0
2015-09-14,Category_028,156912.0
2015-09-14,Category_029,10.0
2015-09-14,Category_030,163200.0
2015-09-14,Category_031,11.0
2015-09-14,Category_032,64096.0
2015-09-14,Category_033,170000.0
2015-09-21,Category_001,3043.0
2015-09-21,Category_003,612.0
2015-09-21,Category_004,1200.0
2015-09-21,Category_005,1027085.0
2015-09-21,Category_006,1129113.0
2015-09-21,Category_007,136767.0
2015-09-21,Category_008,32.0
2015-09-21,Category_009,15525.0
2015-09-21,Category_010,32.0
2015-09-21,Category_011,8017.0
2015-09-21,Category_012,349.0
2015-09-21,Category_013,2876.0
2015-09-21,Category_015,2617.0
2015-09-21,Category_017,1018.0
2015-09-21,Category_018,91.0
2015-09-21,Category_019,9281034.0
2015-09-21,Category_020,4873.0
2015-09-21,Category_021,32238.0
2015-09-21,Category_022,660.0
2015-09-21,Category_023,26378.0
2015-09-21,Category_024,6318.0
2015-09-21,Category_026,255.0
2015-09-21,Category_028,129933.0
2015-09-21,Category_029,60.0
2015-09-21,Category_030,147350.0
2015-09-21,Category_031,63.0
2015-09-21,Category_032,1268.0
2015-09-21,Category_033,50000.0
2015-09-28,Category_001,9892.0
2015-09-28,Category_002,11.0
2015-09-28,Category_003,4390.0
2015-09-28,Category_004,1600.0
2015-09-28,Category_005,758325.0
2015-09-28,Category_006,1558462.0
2015-09-28,Category_007,2044567.0
2015-09-28,Category_008,33.0
2015-09-28,Category_009,10219.0
2015-09-28,Category_010,885.0
2015-09-28,Category_011,9828.0
2015-09-28,Category_012,1068.0
2015-09-28,Category_013,1596.0
2015-09-28,Category_014,5.0
2015-09-28,Category_015,11092.0
2015-09-28,Category_016,100.0
2015-09-28,Category_017,42.0
2015-09-28,Category_018,311.0
2015-09-28,Category_019,18910233.0
2015-09-28,Category_020,41185.0
2015-09-28,Category_021,22860.0
2015-09-28,Category_022,350.0
2015-09-28,Category_023,2289.0
2015-09-28,Category_024,6690.0
2015-09-28,Category_025,20000.0
2015-09-28,Category_026,756.0
2015-09-28,Category_028,213830.0
2015-09-28,Category_029,410.0
2015-09-28,Category_030,155600.0
2015-09-28,Category_031,43.0
2015-09-28,Category_032,13032.0
2015-09-28,Category_033,130000.0
2015-10-05,Category_001,7834.0
2015-10-05,Category_002,1.0
2015-10-05,Category_003,1587.0
2015-10-05,Category_005,694950.0
2015-10-05,Category_006,1528723.0
2015-10-05,Category_007,280922.0
2015-10-05,Category_008,53.0
2015-10-05,Category_009,14203.0
2015-10-05,Category_010,400.0
2015-10-05,Category_011,6376.0
2015-10-05,Category_012,263.0
2015-10-05,Category_013,984.0
2015-10-05,Category_015,943.0
2015-10-05,Category_017,51.0
2015-10-05,Category_018,162.0
2015-10-05,Category_019,20252609.0
2015-10-05,Category_020,5331.0
2015-10-05,Category_021,16785.0
2015-10-05,Category_022,1518.0
2015-10-05,Category_023,7620.0
2015-10-05,Category_024,4315.0
2015-10-05,Category_026,1074.0
2015-10-05,Category_028,166544.0
2015-10-05,Category_029,40.0
2015-10-05,Category_030,86050.0
2015-10-05,Category_031,44.0
2015-10-05,Category_032,32212.0
2015-10-05,Category_033,370000.0
2015-10-12,Category_001,5836.0
2015-10-12,Category_002,20.0
2015-10-12,Category_003,2573.0
2015-10-12,Category_004,2400.0
2015-10-12,Category_005,812350.0
2015-10-12,Category_006,1724210.0
2015-10-12,Category_007,627828.0
2015-10-12,Category_008,27.0
2015-10-12,Category_009,27303.0
2015-10-12,Category_010,50.0
2015-10-12,Category_011,4422.0
2015-10-12,Category_012,3713.0
2015-10-12,Category_013,1004.0
2015-10-12,Category_015,3711.0
2015-10-12,Category_017,1.0
2015-10-12,Category_018,84.0
2015-10-12,Category_019,15759622.0
2015-10-12,Category_020,5400.0
2015-10-12,Category_021,24463.0
2015-10-12,Category_022,950.0
2015-10-12,Category_023,10170.0
2015-10-12,Category_024,32471.0
2015-10-12,Category_026,825.0
2015-10-12,Category_028,163344.0
2015-10-12,Category_029,280.0
2015-10-12,Category_030,86100.0
2015-10-12,Category_031,86.0
2015-10-12,Category_032,3346.0
2015-10-12,Category_033,270000.0
2015-10-19,Category_001,8340.0
2015-10-19,Category_002,18.0
2015-10-19,Category_003,923.0
2015-10-19,Category_005,882045.0
2015-10-19,Category_006,1256210.0
2015-10-19,Category_007,365514.0
2015-10-19,Category_008,140.0
2015-10-19,Category_009,23005.0
2015-10-19,Category_010,13.0
2015-10-19,Category_011,7641.0
2015-10-19,Category_012,392.0
2015-10-19,Category_013,1679.0
2015-10-19,Category_014,1.0
2015-10-19,Category_015,2366.0
2015-10-19,Category_017,8.0
2015-10-19,Category_018,167.0
2015-10-19,Category_019,15955197.0
2015-10-19,Category_020,8271.0
2015-10-19,Category_021,17784.0
2015-10-19,Category_022,2291.0
2015-10-19,Category_023,4089.0
2015-10-19,Category_024,3895.0
2015-10-19,Category_026,1575.0
2015-10-19,Category_028,256200.0
2015-10-19,Category_029,-100.0
2015-10-19,Category_030,195500.0
2015-10-19,Category_031,29.0
2015-10-19,Category_032,6246.0
2015-10-19,Category_033,130000.0
2015-10-26,Category_001,8188.0
2015-10-26,Category_003,1467.0
2015-10-26,Category_004,400.0
2015-10-26,Category_005,679595.0
2015-10-26,Category_006,1508435.0
2015-10-26,Category_007,153616.0
2015-10-26,Category_008,57.0
2015-10-26,Category_009,15130.0
2015-10-26,Category_010,263.0
2015-10-26,Category_011,4737.0
2015-10-26,Category_012,1105.0
2015-10-26,Category_013,1305.0
2015-10-26,Category_015,3304.0
2015-10-26,Category_017,42.0
2015-10-26,Category_018,125.0
2015-10-26,Category_019,15311496.0
2015-10-26,Category_020,7498.0
2015-10-26,Category_021,26753.0
2015-10-26,Category_022,402.0
2015-10-26,Category_023,17651.0
2015-10-26,Category_024,4406.0
2015-10-26,Category_026,610.0
2015-10-26,Category_027,-3.0
2015-10-26,Category_028,330083.0
2015-10-26,Category_029,30.0
2015-10-26,Category_030,193750.0
2015-10-26,Category_031,8.0
2015-10-26,Category_032,2460.0
2015-10-26,Category_033,120000.0
2015-11-02,Category_001,5782.0
2015-11-02,Category_003,2014.0
2015-11-02,Category_004,200.0
2015-11-02,Category_005,588425.0
2015-11-02,Category_006,2734378.0
2015-11-02,Category_007,722119.0
2015-11-02,Category_008,83.0
2015-11-02,Category_009,26379.0
2015-11-02,Category_010,307.0
2015-11-02,Category_011,14090.0
2015-11-02,Category_012,820.0
2015-11-02,Category_013,944.0
2015-11-02,Category_015,17447.0
2015-11-02,Category_016,300.0
2015-11-02,Category_017,21.0
2015-11-02,Category_018,230.0
2015-11-02,Category_019,14332936.0
2015-11-02,Category_020,4312.0
2015-11-02,Category_021,18194.0
2015-11-02,Category_022,875.0
2015-11-02,Category_023,4205.0
2015-11-02,Category_024,3975.0
2015-11-02,Category_026,1235.0
2015-11-02,Category_027,24.0
2015-11-02,Category_028,150800.0
2015-11-02,Category_029,60.0
2015-11-02,Category_030,105400.0
2015-11-02,Category_031,33.0
2015-11-02,Category_032,4810.0
2015-11-02,Category_033,90000.0
2015-11-09,Category_001,6634.0
2015-11-09,Category_002,6.0
2015-11-09,Category_003,3448.0
2015-11-09,Category_004,400.0
2015-11-09,Category_005,535505.0
2015-11-09,Category_006,1686828.0
2015-11-09,Category_007,226676.0
2015-11-09,Category_008,20.0
2015-11-09,Category_009,9818.0
2015-11-09,Category_010,-24.0
2015-11-09,Category_011,42014.0
2015-11-09,Category_012,994.0
2015-11-09,Category_013,2778.0
2015-11-09,Category_015,4322.0
2015-11-09,Category_017,60.0
2015-11-09,Category_018,264.0
2015-11-09,Category_019,16409790.0
2015-11-09,Category_020,1605.0
2015-11-09,Category_021,33396.0
2015-11-09,Category_022,1592.0
2015-11-09,Category_023,20505.0
2015-11-09,Category_024,3313.0
2015-11-09,Category_026,692.0
2015-11-09,Category_028,216417.0
2015-11-09,Category_029,65.0
2015-11-09,Category_030,123800.0
2015-11-09,Category_031,30.0
2015-11-09,Category_032,5244.0
2015-11-09,Category_033,240000.0
2015-11-16,Category_001,7665.0
2015-11-16,Category_003,2197.0
2015-11-16,Category_005,1289260.0
2015-11-16,Category_006,1078346.0
2015-11-16,Category_007,128873.0
2015-11-16,Category_008,49.0
2015-11-16,Category_009,15149.0
2015-11-16,Category_010,441.0
2015-11-16,Category_011,15699.0
2015-11-16,Category_012,1236.0
2015-11-16,Category_013,551.0
2015-11-16,Category_015,4456.0
2015-11-16,Category_017,7.0
2015-11-16,Category_018,368.0
2015-11-16,Category_019,16976585.0
2015-11-16,Category_020,6140.0
2015-11-16,Category_021,11256.0
2015-11-16,Category_022,2514.0
2015-11-16,Category_023,7811.0
2015-11-16,Category_024,1828.0
2015-11-16,Category_026,1478.0
2015-11-16,Category_027,-3.0
2015-11-16,Category_028,306126.0
2015-11-16,Category_029,132.0
2015-11-16,Category_030,159051.0
2015-11-16,Category_031,44.0
2015-11-16,Category_032,2802.0
2015-11-16,Category_033,130000.0
2015-11-23,Category_001,7062.0
2015-11-23,Category_003,1940.0
2015-11-23,Category_005,663810.0
2015-11-23,Category_006,1394229.0
2015-11-23,Category_007,265865.0
2015-11-23,Category_008,168.0
2015-11-23,Category_009,18672.0
2015-11-23,Category_010,52.0
2015-11-23,Category_011,9001.0
2015-11-23,Category_012,3246.0
2015-11-23,Category_013,1473.0
2015-11-23,Category_015,3463.0
2015-11-23,Category_016,300.0
2015-11-23,Category_017,65.0
2015-11-23,Category_018,144.0
2015-11-23,Category_019,13446694.0
2015-11-23,Category_020,74337.0
2015-11-23,Category_021,17985.0
2015-11-23,Category_022,3048.0
2015-11-23,Category_023,2932.0
2015-11-23,Category_024,1698.0
2015-11-23,Category_026,550.0
2015-11-23,Category_028,220455.0
2015-11-23,Category_029,205.0
2015-11-23,Category_030,96950.0
2015-11-23,Category_031,39.0
2015-11-23,Category_032,4522.0
2015-11-23,Category_033,80000.0
2015-11-30,Category_001,9804.0
2015-11-30,Category_002,2.0
2015-11-30,Category_003,1364.0
2015-11-30,Category_004,1601.0
2015-11-30,Category_005,1235900.0
2015-11-30,Category_006,2671075.0
2015-11-30,Category_007,627185.0
2015-11-30,Category_008,53.0
2015-11-30,Category_009,31602.0
2015-11-30,Category_010,14.0
2015-11-30,Category_011,10538.0
2015-11-30,Category_012,1908.0
2015-11-30,Category_013,1928.0
2015-11-30,Category_015,3631.0
2015-11-30,Category_016,334.0
2015-11-30,Category_017,34.0
2015-11-30,Category_018,148.0
2015-11-30,Category_019,17599775.0
2015-11-30,Category_020,3793.0
2015-11-30,Category_021,22812.0
2015-11-30,Category_022,3548.0
2015-11-30,Category_023,22195.0
2015-11-30,Category_024,5840.0
2015-11-30,Category_026,973.0
2015-11-30,Category_028,171358.0
2015-11-30,Category_030,408150.0
2015-11-30,Category_031,35.0
2015-11-30,Category_032,8702.0
2015-11-30,Category_033,230000.0
2015-12-07,Category_001,8096.0
2015-12-07,Category_003,1100.0
2015-12-07,Category_004,800.0
2015-12-07,Category_005,736410.0
2015-12-07,Category_006,2060043.0
2015-12-07,Category_007,555206.0
2015-12-07,Category_008,58.0
2015-12-07,Category_009,20456.0
2015-12-07,Category_010,530.0
2015-12-07,Category_011,11240.0
2015-12-07,Category_012,576.0
2015-12-07,Category_013,1038.0
2015-12-07,Category_015,5158.0
2015-12-07,Category_017,34.0
2015-12-07,Category_018,399.0
2015-12-07,Category_019,20970022.0
2015-12-07,Category_020,12900.0
2015-12-07,Category_021,12807.0
2015-12-07,Category_022,1206.0
2015-12-07,Category_023,5988.0
2015-12-07,Category_024,3192.0
2015-12-07,Category_026,1486.0
2015-12-07,Category_028,151336.0
2015-12-07,Category_030,191600.0
2015-12-07,Category_031,17.0
2015-12-07,Category_032,2312.0
2015-12-07,Category_033,350000.0
2015-12-14,Category_001,6148.0
2015-12-14,Category_003,4282.0
2015-12-14,Category_005,601660.0
2015-12-14,Category_006,1263765.0
2015-12-14,Category_007,113937.0
2015-12-14,Category_008,68.0
2015-12-14,Category_009,26300.0
2015-12-14,Category_010,377.0
2015-12-14,Category_011,14456.0
2015-12-14,Category_012,1218.0
2015-12-14,Category_013,284.0
2015-12-14,Category_014,3.0
2015-12-14,Category_015,1747.0
2015-12-14,Category_016,50.0
2015-12-14,Category_017,306.0
2015-12-14,Category_018,171.0
2015-12-14,Category_019,15107483.0
2015-12-14,Category_020,4800.0
2015-12-14,Category_021,18314.0
2015-12-14,Category_022,1689.0
2015-12-14,Category_023,9425.0
2015-12-14,Category_024,3691.0
2015-12-14,Category_026,1084.0
2015-12-14,Category_027,1.0
2015-12-14,Category_028,176020.0
2015-12-14,Category_029,86.0
2015-12-14,Category_030,164100.0
2015-12-14,Category_031,82.0
2015-12-14,Category_032,2550.0
2015-12-14,Category_033,40000.0
2015-12-21,Category_001,5875.0
2015-12-21,Category_003,2244.0
2015-12-21,Category_005,1231525.0
2015-12-21,Category_006,1217446.0
2015-12-21,Category_007,212253.0
2015-12-21,Category_008,16.0
2015-12-21,Category_009,6905.0
2015-12-21,Category_010,-4.0
2015-12-21,Category_011,6425.0
2015-12-21,Category_012,780.0
2015-12-21,Category_013,1107.0
2015-12-21,Category_015,3059.0
2015-12-21,Category_017,2.0
2015-12-21,Category_018,66.0
2015-12-21,Category_019,13756807.0
2015-12-21,Category_020,7285.0
2015-12-21,Category_021,15996.0
2015-12-21,Category_022,210.0
2015-12-21,Category_023,32980.0
2015-12-21,Category_024,1518.0
2015-12-21,Category_026,724.0
2015-12-21,Category_028,1446479.0
2015-12-21,Category_029,20.0
2015-12-21,Category_030,239800.0
2015-12-21,Category_031,8.0
2015-12-21,Category_032,53200.0
2015-12-21,Category_033,190000.0
2015-12-28,Category_001,2186.0
2015-12-28,Category_002,44.0
2015-12-28,Category_003,2386.0
2015-12-28,Category_004,300.0
2015-12-28,Category_005,245050.0
2015-12-28,Category_006,512453.0
2015-12-28,Category_007,468881.0
2015-12-28,Category_009,8162.0
2015-12-28,Category_010,80.0
2015-12-28,Category_011,1424.0
2015-12-28,Category_012,414.0
2015-12-28,Category_015,1051.0
2015-12-28,Category_017,5.0
2015-12-28,Category_018,241.0
2015-12-28,Category_019,7055098.0
2015-12-28,Category_020,6440.0
2015-12-28,Category_021,4701.0
2015-12-28,Category_022,6077.0
2015-12-28,Category_023,7510.0
2015-12-28,Category_024,2463.0
2015-12-28,Category_026,246.0
2015-12-28,Category_028,102061.0
2015-12-28,Category_030,118900.0
2015-12-28,Category_032,20454.0
2015-12-28,Category_033,10000.0
2016-01-04,Category_001,7197.0
2016-01-04,Category_003,432.0
2016-01-04,Category_005,1112580.0
2016-01-04,Category_006,2293788.0
2016-01-04,Category_007,228729.0
2016-01-04,Category_008,134.0
2016-01-04,Category_009,2364.0
2016-01-04,Category_011,21127.0
2016-01-04,Category_012,1055.0
2016-01-04,Category_013,138.0
2016-01-04,Category_015,3186.0
2016-01-04,Category_017,14.0
2016-01-04,Category_018,146.0
2016-01-04,Category_019,17129666.0
2016-01-04,Category_021,13300.0
2016-01-04,Category_022,866.0
2016-01-04,Category_023,9143.0
2016-01-04,Category_024,3714.0
2016-01-04,Category_026,355.0
2016-01-04,Category_028,125213.0
2016-01-04,Category_030,43700.0
2016-01-04,Category_031,90.0
2016-01-04,Category_032,16308.0
2016-01-04,Category_033,200000.0
2016-01-11,Category_001,8069.0
2016-01-11,Category_003,271.0
2016-01-11,Category_005,919430.0
2016-01-11,Category_006,853697.0
2016-01-11,Category_007,286015.0
2016-01-11,Category_008,270.0
2016-01-11,Category_009,19281.0
2016-01-11,Category_010,-3.0
2016-01-11,Category_011,9598.0
2016-01-11,Category_012,414.0
2016-01-11,Category_013,110.0
2016-01-11,Category_015,3928.0
2016-01-11,Category_017,63.0
2016-01-11,Category_018,110.0
2016-01-11,Category_019,17088218.0
2016-01-11,Category_020,20120.0
2016-01-11,Category_021,14669.0
2016-01-11,Category_022,396.0
2016-01-11,Category_023,4710.0
2016-01-11,Category_024,2665.0
2016-01-11,Category_026,337.0
2016-01-11,Category_027,2.0
2016-01-11,Category_028,57008.0
2016-01-11,Category_029,30.0
2016-01-11,Category_030,82200.0
2016-01-11,Category_031,14.0
2016-01-11,Category_032,2642.0
2016-01-11,Category_033,300000.0
2016-01-18,Category_001,8253.0
2016-01-18,Category_003,1150.0
2016-01-18,Category_005,723120.0
2016-01-18,Category_006,1112724.0
2016-01-18,Category_007,99215.0
2016-01-18,Category_008,212.0
2016-01-18,Category_009,4452.0
2016-01-18,Category_010,8.0
2016-01-18,Category_011,6318.0
2016-01-18,Category_012,1164.0
2016-01-18,Category_013,673.0
2016-01-18,Category_015,3494.0
2016-01-18,Category_018,295.0
2016-01-18,Category_019,18950846.0
2016-01-18,Category_020,20300.0
2016-01-18,Category_021,11838.0
2016-01-18,Category_022,3558.0
2016-01-18,Category_023,1128.0
2016-01-18,Category_024,1513.0
2016-01-18,Category_026,803.0
2016-01-18,Category_028,171096.0
2016-01-18,Category_030,112500.0
2016-01-18,Category_031,7.0
2016-01-18,Category_032,3550.0
2016-01-18,Category_033,70000.0
2016-01-25,Category_001,7661.0
2016-01-25,Category_003,450.0
2016-01-25,Category_005,683475.0
2016-01-25,Category_006,1075685.0
2016-01-25,Category_007,1036764.0
2016-01-25,Category_008,134.0
2016-01-25,Category_009,4764.0
2016-01-25,Category_010,15.0
2016-01-25,Category_011,13523.0
2016-01-25,Category_012,427.0
2016-01-25,Category_013,334.0
2016-01-25,Category_015,1924.0
2016-01-25,Category_017,21.0
2016-01-25,Category_018,188.0
2016-01-25,Category_019,12605974.0
2016-01-25,Category_021,15340.0
2016-01-25,Category_022,795.0
2016-01-25,Category_023,4620.0
2016-01-25,Category_024,2236.0
2016-01-25,Category_026,558.0
2016-01-25,Category_027,-7.0
2016-01-25,Category_028,146361.0
2016-01-25,Category_030,134700.0
2016-01-25,Category_031,84.0
2016-01-25,Category_032,3816.0
2016-01-25,Category_033,250000.0
2016-02-01,Category_001,7255.0
2016-02-01,Category_003,1226.0
2016-02-01,Category_005,741500.0
2016-02-01,Category_006,2963296.0
2016-02-01,Category_007,496163.0
2016-02-01,Category_008,8.0
2016-02-01,Category_009,10773.0
2016-02-01,Category_011,38133.0
2016-02-01,Category_012,198.0
2016-02-01,Category_013,321.0
2016-02-01,Category_015,2937.0
2016-02-01,Category_017,72.0
2016-02-01,Category_018,203.0
2016-02-01,Category_019,18533210.0
2016-02-01,Category_021,18990.0
2016-02-01,Category_022,2182.0
2016-02-01,Category_023,1881.0
2016-02-01,Category_024,3203.0
2016-02-01,Category_026,546.0
2016-02-01,Category_028,141514.0
2016-02-01,Category_029,10.0
2016-02-01,Category_030,160002.0
2016-02-01,Category_031,37.0
2016-02-01,Category_032,9208.0
2016-02-01,Category_033,70000.0
2016-02-08,Category_001,6761.0
2016-02-08,Category_003,398.0
2016-02-08,Category_005,522760.0
2016-02-08,Category_006,1595933.0
2016-02-08,Category_007,584750.0
2016-02-08,Category_008,28.0
2016-02-08,Category_009,3275.0
2016-02-08,Category_010,8.0
2016-02-08,Category_011,37486.0
2016-02-08,Category_012,683.0
2016-02-08,Category_013,1570.0
2016-02-08,Category_015,1560.0
2016-02-08,Category_017,1390.0
2016-02-08,Category_018,142.0
2016-02-08,Category_019,10563460.0
2016-02-08,Category_021,16800.0
2016-02-08,Category_022,2327.0
2016-02-08,Category_023,9025.0
2016-02-08,Category_024,940.0
2016-02-08,Category_026,700.0
2016-02-08,Category_028,186984.0
2016-02-08,Category_029,371.0
2016-02-08,Category_030,54875.0
2016-02-08,Category_031,29.0
2016-02-08,Category_032,1320.0
2016-02-08,Category_033,180000.0
2016-02-15,Category_001,9142.0
2016-02-15,Category_003,960.0
2016-02-15,Category_005,891475.0
2016-02-15,Category_006,1161816.0
2016-02-15,Category_007,234628.0
2016-02-15,Category_008,10.0
2016-02-15,Category_009,12902.0
2016-02-15,Category_010,70.0
2016-02-15,Category_011,16138.0
2016-02-15,Category_012,121.0
2016-02-15,Category_013,308.0
2016-02-15,Category_015,1666.0
2016-02-15,Category_017,534.0
2016-02-15,Category_018,119.0
2016-02-15,Category_019,12359647.0
2016-02-15,Category_021,12953.0
2016-02-15,Category_022,333.0
2016-02-15,Category_023,42998.0
2016-02-15,Category_024,1626.0
2016-02-15,Category_026,889.0
2016-02-15,Category_028,169125.0
2016-02-15,Category_030,157052.0
2016-02-15,Category_031,68.0
2016-02-15,Category_032,1312.0
2016-02-15,Category_033,130000.0
2016-02-22,Category_001,8771.0
2016-02-22,Category_003,774.0
2016-02-22,Category_005,676530.0
2016-02-22,Category_006,1304127.0
2016-02-22,Category_007,387697.0
2016-02-22,Category_008,4.0
2016-02-22,Category_009,8672.0
2016-02-22,Category_010,31.0
2016-02-22,Category_011,9162.0
2016-02-22,Category_012,479.0
2016-02-22,Category_013,532.0
2016-02-22,Category_015,1517.0
2016-02-22,Category_018,77.0
2016-02-22,Category_019,13558867.0
2016-02-22,Category_020,521.0
2016-02-22,Category_021,9753.0
2016-02-22,Category_022,447.0
2016-02-22,Category_023,17751.0
2016-02-22,Category_024,5799.0
2016-02-22,Category_026,1096.0
2016-02-22,Category_028,-9728.0
2016-02-22,Category_030,36700.0
2016-02-22,Category_031,34.0
2016-02-22,Category_032,4714.0
2016-02-22,Category_033,100000.0
2016-02-29,Category_001,8245.0
2016-02-29,Category_003,1213.0
2016-02-29,Category_005,975890.0
2016-02-29,Category_006,1529225.0
2016-02-29,Category_007,761804.0
2016-02-29,Category_008,48.0
2016-02-29,Category_009,7049.0
2016-02-29,Category_010,124.0
2016-02-29,Category_011,7545.0
2016-02-29,Category_012,485.0
2016-02-29,Category_013,124.0
2016-02-29,Category_015,2571.0
2016-02-29,Category_016,800.0
2016-02-29,Category_017,336.0
2016-02-29,Category_018,118.0
2016-02-29,Category_019,18419264.0
2016-02-29,Category_021,20434.0
2016-02-29,Category_022,1882.0
2016-02-29,Category_023,7179.0
2016-02-29,Category_024,2954.0
2016-02-29,Category_026,741.0
2016-02-29,Category_028,69322.0
2016-02-29,Category_029,85.0
2016-02-29,Category_030,127752.0
2016-02-29,Category_031,92.0
2016-02-29,Category_032,52898.0
2016-02-29,Category_033,80000.0
2016-03-07,Category_001,9206.0
2016-03-07,Category_003,515.0
2016-03-07,Category_005,595000.0
2016-03-07,Category_006,1028654.0
2016-03-07,Category_007,679650.0
2016-03-07,Category_008,28.0
2016-03-07,Category_009,13384.0
2016-03-07,Category_010,46.0
2016-03-07,Category_011,40191.0
2016-03-07,Category_012,641.0
2016-03-07,Category_013,1434.0
2016-03-07,Category_015,1464.0
2016-03-07,Category_017,1065.0
2016-03-07,Category_018,186.0
2016-03-07,Category_019,16031997.0
2016-03-07,Category_020,400.0
2016-03-07,Category_021,17691.0
2016-03-07,Category_022,799.0
2016-03-07,Category_023,3971.0
2016-03-07,Category_024,1670.0
2016-03-07,Category_026,1855.0
2016-03-07,Category_027,8.0
2016-03-07,Category_028,91145.0
2016-03-07,Category_029,130.0
2016-03-07,Category_030,83850.0
2016-03-07,Category_031,6.0
2016-03-07,Category_032,37902.0
2016-03-07,Category_033,290000.0
2016-03-14,Category_001,5310.0
2016-03-14,Category_003,682.0
2016-03-14,Category_005,866685.0
2016-03-14,Category_006,1459581.0
2016-03-14,Category_007,352963.0
2016-03-14,Category_008,12.0
2016-03-14,Category_009,6004.0
2016-03-14,Category_010,29.0
2016-03-14,Category_011,6904.0
2016-03-14,Category_012,58.0
2016-03-14,Category_013,603.0
2016-03-14,Category_015,4285.0
2016-03-14,Category_017,1.0
2016-03-14,Category_018,-4.0
2016-03-14,Category_019,20263638.0
2016-03-14,Category_020,350.0
2016-03-14,Category_021,14840.0
2016-03-14,Category_022,1015.0
2016-03-14,Category_023,10114.0
2016-03-14,Category_024,4649.0
2016-03-14,Category_026,513.0
2016-03-14,Category_028,413191.0
2016-03-14,Category_029,90.0
2016-03-14,Category_030,140302.0
2016-03-14,Category_031,51.0
2016-03-14,Category_032,1076.0
2016-03-14,Category_033,230000.0
2016-03-21,Category_001,11012.0
2016-03-21,Category_003,305.0
2016-03-21,Category_005,718500.0
2016-03-21,Category_006,2321928.0
2016-03-21,Category_007,402462.0
2016-03-21,Category_008,2.0
2016-03-21,Category_009,6728.0
2016-03-21,Category_010,38.0
2016-03-21,Category_011,8025.0
2016-03-21,Category_012,870.0
2016-03-21,Category_013,471.0
2016-03-21,Category_015,1737.0
2016-03-21,Category_017,1.0
2016-03-21,Category_018,69.0
2016-03-21,Category_019,13916904.0
2016-03-21,Category_020,205.0
2016-03-21,Category_021,2462.0
2016-03-21,Category_022,643.0
2016-03-21,Category_023,2150.0
2016-03-21,Category_024,3102.0
2016-03-21,Category_026,994.0
2016-03-21,Category_028,51509.0
2016-03-21,Category_030,141301.0
2016-03-21,Category_031,2.0
2016-03-21,Category_032,31878.0
2016-03-21,Category_033,160000.0
2016-03-28,Category_001,9104.0
2016-03-28,Category_003,1206.0
2016-03-28,Category_005,933530.0
2016-03-28,Category_006,1102023.0
2016-03-28,Category_007,944554.0
2016-03-28,Category_008,14.0
2016-03-28,Category_009,11922.0
2016-03-28,Category_010,9.0
2016-03-28,Category_011,6477.0
2016-03-28,Category_012,149.0
2016-03-28,Category_013,598.0
2016-03-28,Category_015,3481.0
2016-03-28,Category_016,350.0
2016-03-28,Category_017,5.0
2016-03-28,Category_018,99.0
2016-03-28,Category_019,16148436.0
2016-03-28,Category_020,20000.0
2016-03-28,Category_021,16475.0
2016-03-28,Category_022,2699.0
2016-03-28,Category_023,3313.0
2016-03-28,Category_024,3340.0
2016-03-28,Category_026,777.0
2016-03-28,Category_028,316413.0
2016-03-28,Category_030,138350.0
2016-03-28,Category_031,52.0
2016-03-28,Category_032,42754.0
2016-03-28,Category_033,170000.0
2016-04-04,Category_001,5918.0
2016-04-04,Category_003,1053.0
2016-04-04,Category_005,612525.0
2016-04-04,Category_006,1735232.0
2016-04-04,Category_007,1006355.0
2016-04-04,Category_008,38.0
2016-04-04,Category_009,7237.0
2016-04-04,Category_010,46.0
2016-04-04,Category_011,6174.0
2016-04-04,Category_012,1706.0
2016-04-04,Category_013,206.0
2016-04-04,Category_015,9018.0
2016-04-04,Category_017,78.0
2016-04-04,Category_018,101.0
2016-04-04,Category_019,16625012.0
2016-04-04,Category_020,490.0
2016-04-04,Category_021,13929.0
2016-04-04,Category_022,371.0
2016-04-04,Category_023,10935.0
2016-04-04,Category_024,2937.0
2016-04-04,Category_026,948.0
2016-04-04,Category_028,193737.0
2016-04-04,Category_029,278.0
2016-04-04,Category_030,113502.0
2016-04-04,Category_031,26.0
2016-04-04,Category_032,1608.0
2016-04-04,Category_033,100000.0
2016-04-11,Category_001,6928.0
2016-04-11,Category_003,325.0
2016-04-11,Category_005,758960.0
2016-04-11,Category_006,1891142.0
2016-04-11,Category_007,221452.0
2016-04-11,Category_008,8.0
2016-04-11,Category_009,5774.0
2016-04-11,Category_010,50.0
2016-04-11,Category_011,3292.0
2016-04-11,Category_012,689.0
2016-04-11,Category_013,252.0
2016-04-11,Category_015,10163.0
2016-04-11,Category_017,75.0
2016-04-11,Category_018,43.0
2016-04-11,Category_019,13875839.0
2016-04-11,Category_021,7374.0
2016-04-11,Category_022,1690.0
2016-04-11,Category_023,6142.0
2016-04-11,Category_024,4732.0
2016-04-11,Category_026,849.0
2016-04-11,Category_028,275831.0
2016-04-11,Category_029,92.0
2016-04-11,Category_030,141275.0
2016-04-11,Category_031,71.0
2016-04-11,Category_032,1554.0
2016-04-11,Category_033,380000.0
2016-04-18,Category_001,8628.0
2016-04-18,Category_003,925.0
2016-04-18,Category_005,892650.0
2016-04-18,Category_006,1205922.0
2016-04-18,Category_007,634037.0
2016-04-18,Category_008,19.0
2016-04-18,Category_009,24927.0
2016-04-18,Category_010,253.0
2016-04-18,Category_011,29862.0
2016-04-18,Category_012,158.0
2016-04-18,Category_013,433.0
2016-04-18,Category_015,2340.0
2016-04-18,Category_017,22.0
2016-04-18,Category_018,122.0
2016-04-18,Category_019,16032774.0
2016-04-18,Category_021,10129.0
2016-04-18,Category_022,176.0
2016-04-18,Category_023,3034.0
2016-04-18,Category_024,2745.0
2016-04-18,Category_026,1278.0
2016-04-18,Category_028,82841.0
2016-04-18,Category_029,45.0
2016-04-18,Category_030,162200.0
2016-04-18,Category_031,102.0
2016-04-18,Category_032,1566.0
2016-04-18,Category_033,130000.0
2016-04-25,Category_001,8229.0
2016-04-25,Category_003,168.0
2016-04-25,Category_005,731475.0
2016-04-25,Category_006,993844.0
2016-04-25,Category_007,932460.0
2016-04-25,Category_008,112.0
2016-04-25,Category_009,4870.0
2016-04-25,Category_010,65.0
2016-04-25,Category_011,9109.0
2016-04-25,Category_012,427.0
2016-04-25,Category_013,908.0
2016-04-25,Category_015,1012.0
2016-04-25,Category_017,40.0
2016-04-25,Category_018,99.0
2016-04-25,Category_019,13307291.0
2016-04-25,Category_020,35000.0
2016-04-25,Category_021,26649.0
2016-04-25,Category_022,1864.0
2016-04-25,Category_023,8653.0
2016-04-25,Category_024,5425.0
2016-04-25,Category_026,726.0
2016-04-25,Category_028,213747.0
2016-04-25,Category_030,112550.0
2016-04-25,Category_031,54.0
2016-04-25,Category_032,15334.0
2016-04-25,Category_033,80000.0
2016-05-02,Category_001,2012.0
2016-05-02,Category_003,731.0
2016-05-02,Category_005,545700.0
2016-05-02,Category_006,1285515.0
2016-05-02,Category_007,42190.0
2016-05-02,Category_008,15.0
2016-05-02,Category_009,6534.0
2016-05-02,Category_010,89.0
2016-05-02,Category_011,1301.0
2016-05-02,Category_012,669.0
2016-05-02,Category_013,64.0
2016-05-02,Category_015,1162.0
2016-05-02,Category_017,1000.0
2016-05-02,Category_018,135.0
2016-05-02,Category_019,9592813.0
2016-05-02,Category_021,5055.0
2016-05-02,Category_022,120.0
2016-05-02,Category_023,990.0
2016-05-02,Category_024,919.0
2016-05-02,Category_026,524.0
2016-05-02,Category_027,0.0
2016-05-02,Category_028,329786.0
2016-05-02,Category_029,235.0
2016-05-02,Category_030,35202.0
2016-05-02,Category_031,91.0
2016-05-02,Category_032,1362.0
2016-05-02,Category_033,50000.0
2016-05-09,Category_001,6585.0
2016-05-09,Category_003,868.0
2016-05-09,Category_005,587925.0
2016-05-09,Category_006,1621907.0
2016-05-09,Category_007,329192.0
2016-05-09,Category_009,5593.0
2016-05-09,Category_010,25.0
2016-05-09,Category_011,13719.0
2016-05-09,Category_012,287.0
2016-05-09,Category_013,418.0
2016-05-09,Category_015,1486.0
2016-05-09,Category_016,2.0
2016-05-09,Category_017,730.0
2016-05-09,Category_018,195.0
2016-05-09,Category_019,18396110.0
2016-05-09,Category_021,17624.0
2016-05-09,Category_022,778.0
2016-05-09,Category_023,14521.0
2016-05-09,Category_024,4496.0
2016-05-09,Category_026,817.0
2016-05-09,Category_028,337200.0
2016-05-09,Category_030,90803.0
2016-05-09,Category_031,37.0
2016-05-09,Category_032,35556.0
2016-05-09,Category_033,260000.0
2016-05-16,Category_001,6651.0
2016-05-16,Category_003,2112.0
2016-05-16,Category_005,798760.0
2016-05-16,Category_006,1826965.0
2016-05-16,Category_007,128221.0
2016-05-16,Category_008,59.0
2016-05-16,Category_009,3137.0
2016-05-16,Category_010,4.0
2016-05-16,Category_011,12526.0
2016-05-16,Category_012,226.0
2016-05-16,Category_013,249.0
2016-05-16,Category_015,1850.0
2016-05-16,Category_017,22.0
2016-05-16,Category_018,68.0
2016-05-16,Category_019,15598273.0
2016-05-16,Category_021,16572.0
2016-05-16,Category_022,1027.0
2016-05-16,Category_023,4201.0
2016-05-16,Category_024,2066.0
2016-05-16,Category_026,588.0
2016-05-16,Category_028,83355.0
2016-05-16,Category_030,82100.0
2016-05-16,Category_031,16.0
2016-05-16,Category_032,8520.0
2016-05-16,Category_033,120000.0
2016-05-23,Category_001,7406.0
2016-05-23,Category_003,688.0
2016-05-23,Category_005,830710.0
2016-05-23,Category_006,2108556.0
2016-05-23,Category_007,153975.0
2016-05-23,Category_008,31.0
2016-05-23,Category_009,11387.0
2016-05-23,Category_010,784.0
2016-05-23,Category_011,23274.0
2016-05-23,Category_012,1287.0
2016-05-23,Category_013,524.0
2016-05-23,Category_015,2779.0
2016-05-23,Category_016,324.0
2016-05-23,Category_017,301.0
2016-05-23,Category_018,272.0
2016-05-23,Category_019,16548758.0
2016-05-23,Category_021,10535.0
2016-05-23,Category_022,1267.0
2016-05-23,Category_023,8184.0
2016-05-23,Category_024,2757.0
2016-05-23,Category_026,1022.0
2016-05-23,Category_028,128677.0
2016-05-23,Category_029,50.0
2016-05-23,Category_030,118350.0
2016-05-23,Category_031,26.0
2016-05-23,Category_032,3506.0
2016-05-23,Category_033,100000.0
2016-05-30,Category_001,8452.0
2016-05-30,Category_003,1269.0
2016-05-30,Category_005,919825.0
2016-05-30,Category_006,1687945.0
2016-05-30,Category_007,389411.0
2016-05-30,Category_008,131.0
2016-05-30,Category_009,4265.0
2016-05-30,Category_010,18.0
2016-05-30,Category_011,6158.0
2016-05-30,Category_012,734.0
2016-05-30,Category_013,653.0
2016-05-30,Category_015,2000.0
2016-05-30,Category_017,140.0
2016-05-30,Category_018,94.0
2016-05-30,Category_019,16112032.0
2016-05-30,Category_021,12907.0
2016-05-30,Category_022,2584.0
2016-05-30,Category_023,7170.0
2016-05-30,Category_024,3874.0
2016-05-30,Category_026,1027.0
2016-05-30,Category_028,154225.0
2016-05-30,Category_029,112.0
2016-05-30,Category_030,120800.0
2016-05-30,Category_031,16.0
2016-05-30,Category_032,9558.0
2016-05-30,Category_033,150000.0
2016-06-06,Category_001,10268.0
2016-06-06,Category_003,1032.0
2016-06-06,Category_005,456375.0
2016-06-06,Category_006,101438.0
2016-06-06,Category_007,468402.0
2016-06-06,Category_008,58.0
2016-06-06,Category_009,-2420.0
2016-06-06,Category_010,18.0
2016-06-06,Category_011,3700.0
2016-06-06,Category_012,200.0
2016-06-06,Category_013,270.0
2016-06-06,Category_015,1124.0
2016-06-06,Category_017,13.0
2016-06-06,Category_018,171.0
2016-06-06,Category_019,15001740.0
2016-06-06,Category_021,12259.0
2016-06-06,Category_022,605.0
2016-06-06,Category_023,10590.0
2016-06-06,Category_024,-2413.0
2016-06-06,Category_026,905.0
2016-06-06,Category_028,177296.0
2016-06-06,Category_029,140.0
2016-06-06,Category_030,75375.0
2016-06-06,Category_031,9.0
2016-06-06,Category_032,2514.0
2016-06-06,Category_033,320000.0
2016-06-13,Category_001,6505.0
2016-06-13,Category_003,524.0
2016-06-13,Category_005,453330.0
2016-06-13,Category_006,1860921.0
2016-06-13,Category_007,124529.0
2016-06-13,Category_008,24.0
2016-06-13,Category_009,5351.0
2016-06-13,Category_010,62.0
2016-06-13,Category_011,7932.0
2016-06-13,Category_012,988.0
2016-06-13,Category_013,717.0
2016-06-13,Category_015,4935.0
2016-06-13,Category_017,1159.0
2016-06-13,Category_018,235.0
2016-06-13,Category_019,12018749.0
2016-06-13,Category_021,14277.0
2016-06-13,Category_022,578.0
2016-06-13,Category_023,18199.0
2016-06-13,Category_024,2493.0
2016-06-13,Category_026,565.0
2016-06-13,Category_028,243846.0
2016-06-13,Category_029,106.0
2016-06-13,Category_030,96900.0
2016-06-13,Category_031,29.0
2016-06-13,Category_032,4178.0
2016-06-13,Category_033,210000.0
2016-06-20,Category_001,7635.0
2016-06-20,Category_003,744.0
2016-06-20,Category_005,672170.0
2016-06-20,Category_006,1986480.0
2016-06-20,Category_007,98871.0
2016-06-20,Category_008,22.0
2016-06-20,Category_009,14837.0
2016-06-20,Category_010,14.0
2016-06-20,Category_011,3782.0
2016-06-20,Category_012,375.0
2016-06-20,Category_013,124.0
2016-06-20,Category_015,2463.0
2016-06-20,Category_017,7.0
2016-06-20,Category_018,212.0
2016-06-20,Category_019,15304766.0
2016-06-20,Category_021,7585.0
2016-06-20,Category_022,404.0
2016-06-20,Category_023,2862.0
2016-06-20,Category_024,4262.0
2016-06-20,Category_026,552.0
2016-06-20,Category_028,91736.0
2016-06-20,Category_029,81.0
2016-06-20,Category_030,79300.0
2016-06-20,Category_031,45.0
2016-06-20,Category_032,2154.0
2016-06-20,Category_033,120000.0
2016-06-27,Category_001,7417.0
2016-06-27,Category_003,656.0
2016-06-27,Category_005,733200.0
2016-06-27,Category_006,2604007.0
2016-06-27,Category_007,1421362.0
2016-06-27,Category_008,58.0
2016-06-27,Category_009,10948.0
2016-06-27,Category_010,491.0
2016-06-27,Category_011,6506.0
2016-06-27,Category_012,946.0
2016-06-27,Category_013,1368.0
2016-06-27,Category_015,5582.0
2016-06-27,Category_017,6.0
2016-06-27,Category_018,172.0
2016-06-27,Category_019,17177628.0
2016-06-27,Category_020,100.0
2016-06-27,Category_021,35060.0
2016-06-27,Category_022,1032.0
2016-06-27,Category_023,2601.0
2016-06-27,Category_024,5717.0
2016-06-27,Category_026,1129.0
2016-06-27,Category_028,278813.0
2016-06-27,Category_029,128.0
2016-06-27,Category_030,262200.0
2016-06-27,Category_031,18.0
2016-06-27,Category_032,51236.0
2016-06-27,Category_033,30000.0
2016-07-04,Category_001,9298.0
2016-07-04,Category_003,380.0
2016-07-04,Category_005,503710.0
2016-07-04,Category_006,1395061.0
2016-07-04,Category_007,445706.0
2016-07-04,Category_008,200.0
2016-07-04,Category_009,8713.0
2016-07-04,Category_010,8.0
2016-07-04,Category_011,4146.0
2016-07-04,Category_012,329.0
2016-07-04,Category_013,254.0
2016-07-04,Category_015,5627.0
2016-07-04,Category_017,10.0
2016-07-04,Category_018,75.0
2016-07-04,Category_019,19002542.0
2016-07-04,Category_020,250.0
2016-07-04,Category_021,7844.0
2016-07-04,Category_022,280.0
2016-07-04,Category_023,10324.0
2016-07-04,Category_024,890.0
2016-07-04,Category_026,1317.0
2016-07-04,Category_028,536731.0
2016-07-04,Category_029,28.0
2016-07-04,Category_030,121452.0
2016-07-04,Category_031,30.0
2016-07-04,Category_032,1418.0
2016-07-04,Category_033,230000.0
2016-07-11,Category_001,7475.0
2016-07-11,Category_003,1521.0
2016-07-11,Category_005,804200.0
2016-07-11,Category_006,1913008.0
2016-07-11,Category_007,487931.0
2016-07-11,Category_008,12.0
2016-07-11,Category_009,5475.0
2016-07-11,Category_010,13.0
2016-07-11,Category_011,9803.0
2016-07-11,Category_012,887.0
2016-07-11,Category_013,315.0
2016-07-11,Category_015,3107.0
2016-07-11,Category_017,47.0
2016-07-11,Category_018,109.0
2016-07-11,Category_019,14410415.0
2016-07-11,Category_021,13298.0
2016-07-11,Category_022,1820.0
2016-07-11,Category_023,23796.0
2016-07-11,Category_024,1326.0
2016-07-11,Category_026,459.0
2016-07-11,Category_027,-1.0
2016-07-11,Category_028,190317.0
2016-07-11,Category_029,5.0
2016-07-11,Category_030,150900.0
2016-07-11,Category_031,41.0
2016-07-11,Category_032,2022.0
2016-07-11,Category_033,430000.0
2016-07-18,Category_001,6412.0
2016-07-18,Category_003,1757.0
2016-07-18,Category_005,445365.0
2016-07-18,Category_006,1111038.0
2016-07-18,Category_007,200911.0
2016-07-18,Category_008,220.0
2016-07-18,Category_009,7845.0
2016-07-18,Category_010,52.0
2016-07-18,Category_011,35317.0
2016-07-18,Category_012,574.0
2016-07-18,Category_013,146.0
2016-07-18,Category_015,632.0
2016-07-18,Category_017,12.0
2016-07-18,Category_018,73.0
2016-07-18,Category_019,14413219.0
2016-07-18,Category_021,8445.0
2016-07-18,Category_022,1834.0
2016-07-18,Category_023,12257.0
2016-07-18,Category_024,3746.0
2016-07-18,Category_026,671.0
2016-07-18,Category_028,131873.0
2016-07-18,Category_030,84452.0
2016-07-18,Category_031,58.0
2016-07-18,Category_032,28188.0
2016-07-18,Category_033,60000.0
2016-07-25,Category_001,6509.0
2016-07-25,Category_003,444.0
2016-07-25,Category_005,656650.0
2016-07-25,Category_006,1174665.0
2016-07-25,Category_007,739373.0
2016-07-25,Category_008,56.0
2016-07-25,Category_009,9429.0
2016-07-25,Category_010,44.0
2016-07-25,Category_011,6848.0
2016-07-25,Category_012,905.0
2016-07-25,Category_013,-13.0
2016-07-25,Category_015,3635.0
2016-07-25,Category_016,20.0
2016-07-25,Category_017,9.0
2016-07-25,Category_018,192.0
2016-07-25,Category_019,23198084.0
2016-07-25,Category_020,250.0
2016-07-25,Category_021,11931.0
2016-07-25,Category_022,2805.0
2016-07-25,Category_023,18842.0
2016-07-25,Category_024,7678.0
2016-07-25,Category_026,563.0
2016-07-25,Category_028,100320.0
2016-07-25,Category_029,30.0
2016-07-25,Category_030,200850.0
2016-07-25,Category_031,114.0
2016-07-25,Category_032,8936.0
2016-07-25,Category_033,270000.0
2016-08-01,Category_001,7412.0
2016-08-01,Category_003,513.0
2016-08-01,Category_005,599325.0
2016-08-01,Category_006,2432578.0
2016-08-01,Category_007,258341.0
2016-08-01,Category_008,161.0
2016-08-01,Category_009,3860.0
2016-08-01,Category_011,23487.0
2016-08-01,Category_012,179.0
2016-08-01,Category_013,623.0
2016-08-01,Category_015,4330.0
2016-08-01,Category_017,56.0
2016-08-01,Category_018,96.0
2016-08-01,Category_019,17471374.0
2016-08-01,Category_021,19196.0
2016-08-01,Category_022,814.0
2016-08-01,Category_023,6436.0
2016-08-01,Category_024,2203.0
2016-08-01,Category_026,1285.0
2016-08-01,Category_028,128737.0
2016-08-01,Category_029,2.0
2016-08-01,Category_030,153900.0
2016-08-01,Category_031,66.0
2016-08-01,Category_032,3536.0
2016-08-01,Category_033,210000.0
2016-08-08,Category_001,5227.0
2016-08-08,Category_003,634.0
2016-08-08,Category_005,390200.0
2016-08-08,Category_006,756605.0
2016-08-08,Category_007,225290.0
2016-08-08,Category_008,15.0
2016-08-08,Category_009,14488.0
2016-08-08,Category_010,256.0
2016-08-08,Category_011,33909.0
2016-08-08,Category_012,10.0
2016-08-08,Category_013,135.0
2016-08-08,Category_015,1367.0
2016-08-08,Category_017,60.0
2016-08-08,Category_018,142.0
2016-08-08,Category_019,11972139.0
2016-08-08,Category_021,11533.0
2016-08-08,Category_022,223.0
2016-08-08,Category_023,12891.0
2016-08-08,Category_024,2383.0
2016-08-08,Category_026,718.0
2016-08-08,Category_028,66329.0
2016-08-08,Category_029,84.0
2016-08-08,Category_030,279900.0
2016-08-08,Category_031,33.0
2016-08-08,Category_032,35264.0
2016-08-08,Category_033,40000.0
2016-08-15,Category_001,3871.0
2016-08-15,Category_003,537.0
2016-08-15,Category_005,850425.0
2016-08-15,Category_006,1294216.0
2016-08-15,Category_007,186034.0
2016-08-15,Category_008,93.0
2016-08-15,Category_009,8964.0
2016-08-15,Category_010,13.0
2016-08-15,Category_011,11202.0
2016-08-15,Category_012,166.0
2016-08-15,Category_013,192.0
2016-08-15,Category_015,1076.0
2016-08-15,Category_018,152.0
2016-08-15,Category_019,11312116.0
2016-08-15,Category_021,8661.0
2016-08-15,Category_022,760.0
2016-08-15,Category_023,19852.0
2016-08-15,Category_024,2978.0
2016-08-15,Category_026,322.0
2016-08-15,Category_027,2.0
2016-08-15,Category_028,504021.0
2016-08-15,Category_029,44.0
2016-08-15,Category_030,150902.0
2016-08-15,Category_031,50.0
2016-08-15,Category_032,5680.0
2016-08-15,Category_033,260000.0
2016-08-22,Category_001,6379.0
2016-08-22,Category_003,1767.0
2016-08-22,Category_005,704975.0
2016-08-22,Category_006,1158836.0
2016-08-22,Category_007,354960.0
2016-08-22,Category_008,122.0
2016-08-22,Category_009,7842.0
2016-08-22,Category_010,21.0
2016-08-22,Category_011,7750.0
2016-08-22,Category_012,103.0
2016-08-22,Category_013,525.0
2016-08-22,Category_015,2518.0
2016-08-22,Category_017,1.0
2016-08-22,Category_018,152.0
2016-08-22,Category_019,15258953.0
2016-08-22,Category_021,7776.0
2016-08-22,Category_022,2158.0
2016-08-22,Category_023,5944.0
2016-08-22,Category_024,1446.0
2016-08-22,Category_026,864.0
2016-08-22,Category_027,4.0
2016-08-22,Category_028,264275.0
2016-08-22,Category_029,69.0
2016-08-22,Category_030,129100.0
2016-08-22,Category_031,16.0
2016-08-22,Category_032,77076.0
2016-08-22,Category_033,90000.0
2016-08-29,Category_001,5652.0
2016-08-29,Category_003,1113.0
2016-08-29,Category_005,876365.0
2016-08-29,Category_006,1551352.0
2016-08-29,Category_007,776407.0
2016-08-29,Category_008,72.0
2016-08-29,Category_009,931.0
2016-08-29,Category_010,32.0
2016-08-29,Category_011,5955.0
2016-08-29,Category_012,104.0
2016-08-29,Category_013,1325.0
2016-08-29,Category_015,1695.0
2016-08-29,Category_016,18.0
2016-08-29,Category_017,578.0
2016-08-29,Category_018,131.0
2016-08-29,Category_019,15227054.0
2016-08-29,Category_021,5772.0
2016-08-29,Category_022,1408.0
2016-08-29,Category_023,12045.0
2016-08-29,Category_024,4400.0
2016-08-29,Category_026,700.0
2016-08-29,Category_027,4.0
2016-08-29,Category_028,138669.0
2016-08-29,Category_030,76550.0
2016-08-29,Category_031,43.0
2016-08-29,Category_032,7836.0
2016-08-29,Category_033,100000.0
2016-09-05,Category_001,6838.0
2016-09-05,Category_003,1001.0
2016-09-05,Category_005,469325.0
2016-09-05,Category_006,2210616.0
2016-09-05,Category_007,766935.0
2016-09-05,Category_008,26.0
2016-09-05,Category_009,11735.0
2016-09-05,Category_010,84.0
2016-09-05,Category_011,47535.0
2016-09-05,Category_012,164.0
2016-09-05,Category_013,98.0
2016-09-05,Category_015,3321.0
2016-09-05,Category_016,2.0
2016-09-05,Category_017,3.0
2016-09-05,Category_018,108.0
2016-09-05,Category_019,13974017.0
2016-09-05,Category_021,7185.0
2016-09-05,Category_022,1442.0
2016-09-05,Category_023,1920.0
2016-09-05,Category_024,2231.0
2016-09-05,Category_026,1096.0
2016-09-05,Category_028,76829.0
2016-09-05,Category_030,78206.0
2016-09-05,Category_031,25.0
2016-09-05,Category_032,2878.0
2016-09-05,Category_033,220000.0
2016-09-12,Category_001,8831.0
2016-09-12,Category_003,661.0
2016-09-12,Category_005,651725.0
2016-09-12,Category_006,785225.0
2016-09-12,Category_007,75097.0
2016-09-12,Category_008,15.0
2016-09-12,Category_009,9702.0
2016-09-12,Category_011,33910.0
2016-09-12,Category_012,100.0
2016-09-12,Category_013,460.0
2016-09-12,Category_015,2683.0
2016-09-12,Category_017,26.0
2016-09-12,Category_018,116.0
2016-09-12,Category_019,12725541.0
2016-09-12,Category_020,5000.0
2016-09-12,Category_021,10037.0
2016-09-12,Category_022,1534.0
2016-09-12,Category_023,13598.0
2016-09-12,Category_024,2213.0
2016-09-12,Category_026,728.0
2016-09-12,Category_028,659652.0
2016-09-12,Category_029,456.0
2016-09-12,Category_030,108200.0
2016-09-12,Category_031,37.0
2016-09-12,Category_032,12368.0
2016-09-12,Category_033,170000.0
2016-09-19,Category_001,4838.0
2016-09-19,Category_003,377.0
2016-09-19,Category_005,480775.0
2016-09-19,Category_006,1253973.0
2016-09-19,Category_007,338798.0
2016-09-19,Category_008,5.0
2016-09-19,Category_009,4350.0
2016-09-19,Category_010,40.0
2016-09-19,Category_011,16174.0
2016-09-19,Category_012,284.0
2016-09-19,Category_013,104.0
2016-09-19,Category_015,2303.0
2016-09-19,Category_017,7.0
2016-09-19,Category_018,169.0
2016-09-19,Category_019,11258792.0
2016-09-19,Category_020,19616.0
2016-09-19,Category_021,9474.0
2016-09-19,Category_022,1972.0
2016-09-19,Category_023,2062.0
2016-09-19,Category_024,2221.0
2016-09-19,Category_026,738.0
2016-09-19,Category_028,96980.0
2016-09-19,Category_030,57400.0
2016-09-19,Category_031,48.0
2016-09-19,Category_032,2438.0
2016-09-19,Category_033,150000.0
2016-09-26,Category_001,9991.0
2016-09-26,Category_003,1522.0
2016-09-26,Category_005,1042875.0
2016-09-26,Category_006,1495920.0
2016-09-26,Category_007,868391.0
2016-09-26,Category_008,14.0
2016-09-26,Category_009,6095.0
2016-09-26,Category_010,50.0
2016-09-26,Category_011,8368.0
2016-09-26,Category_012,589.0
2016-09-26,Category_013,755.0
2016-09-26,Category_014,2.0
2016-09-26,Category_015,1747.0
2016-09-26,Category_016,6.0
2016-09-26,Category_017,7.0
2016-09-26,Category_018,41.0
2016-09-26,Category_019,19239374.0
2016-09-26,Category_020,40.0
2016-09-26,Category_021,6062.0
2016-09-26,Category_022,703.0
2016-09-26,Category_023,1583.0
2016-09-26,Category_024,2532.0
2016-09-26,Category_026,1077.0
2016-09-26,Category_028,102551.0
2016-09-26,Category_029,20.0
2016-09-26,Category_030,302300.0
2016-09-26,Category_031,81.0
2016-09-26,Category_032,8798.0
2016-09-26,Category_033,220000.0
2016-10-03,Category_001,8571.0
2016-10-03,Category_003,807.0
2016-10-03,Category_005,689560.0
2016-10-03,Category_006,1834473.0
2016-10-03,Category_007,292660.0
2016-10-03,Category_008,22.0
2016-10-03,Category_009,2672.0
2016-10-03,Category_010,37.0
2016-10-03,Category_011,7198.0
2016-10-03,Category_012,141.0
2016-10-03,Category_013,1360.0
2016-10-03,Category_015,1381.0
2016-10-03,Category_017,5.0
2016-10-03,Category_018,77.0
2016-10-03,Category_019,14171325.0
2016-10-03,Category_020,2583.0
2016-10-03,Category_021,17403.0
2016-10-03,Category_022,182.0
2016-10-03,Category_023,3870.0
2016-10-03,Category_024,2642.0
2016-10-03,Category_026,1282.0
2016-10-03,Category_028,155524.0
2016-10-03,Category_029,234.0
2016-10-03,Category_030,75825.0
2016-10-03,Category_031,7.0
2016-10-03,Category_032,12348.0
2016-10-03,Category_033,120000.0
2016-10-10,Category_001,6006.0
2016-10-10,Category_003,1402.0
2016-10-10,Category_005,781300.0
2016-10-10,Category_006,1604188.0
2016-10-10,Category_007,191684.0
2016-10-10,Category_008,15.0
2016-10-10,Category_009,11715.0
2016-10-10,Category_010,100.0
2016-10-10,Category_011,11186.0
2016-10-10,Category_012,284.0
2016-10-10,Category_013,327.0
2016-10-10,Category_015,4919.0
2016-10-10,Category_016,3.0
2016-10-10,Category_017,546.0
2016-10-10,Category_018,72.0
2016-10-10,Category_019,17611158.0
2016-10-10,Category_020,50.0
2016-10-10,Category_021,13821.0
2016-10-10,Category_022,732.0
2016-10-10,Category_023,32474.0
2016-10-10,Category_024,2358.0
2016-10-10,Category_026,1019.0
2016-10-10,Category_028,394512.0
2016-10-10,Category_030,128400.0
2016-10-10,Category_031,16.0
2016-10-10,Category_032,1548.0
2016-10-10,Category_033,140000.0
2016-10-17,Category_001,8201.0
2016-10-17,Category_003,893.0
2016-10-17,Category_005,770005.0
2016-10-17,Category_006,1395921.0
2016-10-17,Category_007,323186.0
2016-10-17,Category_009,7648.0
2016-10-17,Category_010,37.0
2016-10-17,Category_011,5780.0
2016-10-17,Category_012,163.0
2016-10-17,Category_013,108.0
2016-10-17,Category_015,706.0
2016-10-17,Category_017,40.0
2016-10-17,Category_018,103.0
2016-10-17,Category_019,18052904.0
2016-10-17,Category_020,20000.0
2016-10-17,Category_021,10634.0
2016-10-17,Category_022,899.0
2016-10-17,Category_023,8313.0
2016-10-17,Category_024,2661.0
2016-10-17,Category_026,382.0
2016-10-17,Category_028,114586.0
2016-10-17,Category_029,180.0
2016-10-17,Category_030,229675.0
2016-10-17,Category_031,56.0
2016-10-17,Category_032,1608.0
2016-10-17,Category_033,110000.0
2016-10-24,Category_001,7170.0
2016-10-24,Category_003,1459.0
2016-10-24,Category_005,700510.0
2016-10-24,Category_006,1166121.0
2016-10-24,Category_007,922511.0
2016-10-24,Category_008,88.0
2016-10-24,Category_009,11788.0
2016-10-24,Category_010,83.0
2016-10-24,Category_011,5634.0
2016-10-24,Category_012,79.0
2016-10-24,Category_013,183.0
2016-10-24,Category_014,5.0
2016-10-24,Category_015,2620.0
2016-10-24,Category_016,30.0
2016-10-24,Category_017,131.0
2016-10-24,Category_018,312.0
2016-10-24,Category_019,17429742.0
2016-10-24,Category_020,150.0
2016-10-24,Category_021,12496.0
2016-10-24,Category_022,385.0
2016-10-24,Category_023,1931.0
2016-10-24,Category_024,2398.0
2016-10-24,Category_026,2040.0
2016-10-24,Category_028,103751.0
2016-10-24,Category_029,104.0
2016-10-24,Category_030,170575.0
2016-10-24,Category_031,68.0
2016-10-24,Category_032,36602.0
2016-10-24,Category_033,390000.0
2016-10-31,Category_001,6101.0
2016-10-31,Category_003,1727.0
2016-10-31,Category_005,770350.0
2016-10-31,Category_006,1331812.0
2016-10-31,Category_007,205650.0
2016-10-31,Category_008,73.0
2016-10-31,Category_009,4841.0
2016-10-31,Category_010,24.0
2016-10-31,Category_011,7432.0
2016-10-31,Category_012,327.0
2016-10-31,Category_013,368.0
2016-10-31,Category_014,3.0
2016-10-31,Category_015,1995.0
2016-10-31,Category_016,5.0
2016-10-31,Category_017,102.0
2016-10-31,Category_018,89.0
2016-10-31,Category_019,14986695.0
2016-10-31,Category_020,23478.0
2016-10-31,Category_021,13691.0
2016-10-31,Category_022,488.0
2016-10-31,Category_023,1915.0
2016-10-31,Category_024,4921.0
2016-10-31,Category_026,809.0
2016-10-31,Category_028,95490.0
2016-10-31,Category_029,320.0
2016-10-31,Category_030,143650.0
2016-10-31,Category_031,20.0
2016-10-31,Category_032,3144.0
2016-10-31,Category_033,150000.0
2016-11-07,Category_001,9241.0
2016-11-07,Category_003,1010.0
2016-11-07,Category_005,706875.0
2016-11-07,Category_006,2286478.0
2016-11-07,Category_007,441281.0
2016-11-07,Category_008,36.0
2016-11-07,Category_009,14684.0
2016-11-07,Category_010,34.0
2016-11-07,Category_011,4207.0
2016-11-07,Category_012,586.0
2016-11-07,Category_013,664.0
2016-11-07,Category_015,2292.0
2016-11-07,Category_016,2.0
2016-11-07,Category_017,84.0
2016-11-07,Category_018,119.0
2016-11-07,Category_019,17865939.0
2016-11-07,Category_020,40000.0
2016-11-07,Category_021,10753.0
2016-11-07,Category_022,1057.0
2016-11-07,Category_023,4648.0
2016-11-07,Category_024,3210.0
2016-11-07,Category_026,871.0
2016-11-07,Category_028,121017.0
2016-11-07,Category_029,176.0
2016-11-07,Category_030,149425.0
2016-11-07,Category_031,26.0
2016-11-07,Category_032,1182.0
2016-11-07,Category_033,290000.0
2016-11-14,Category_001,6995.0
2016-11-14,Category_003,1194.0
2016-11-14,Category_005,813930.0
2016-11-14,Category_006,2147627.0
2016-11-14,Category_007,253486.0
2016-11-14,Category_008,63.0
2016-11-14,Category_009,11184.0
2016-11-14,Category_010,473.0
2016-11-14,Category_011,43213.0
2016-11-14,Category_012,339.0
2016-11-14,Category_013,575.0
2016-11-14,Category_015,4291.0
2016-11-14,Category_018,319.0
2016-11-14,Category_019,16171694.0
2016-11-14,Category_020,100.0
2016-11-14,Category_021,15344.0
2016-11-14,Category_022,1698.0
2016-11-14,Category_023,26587.0
2016-11-14,Category_024,3165.0
2016-11-14,Category_026,742.0
2016-11-14,Category_027,2.0
2016-11-14,Category_028,98683.0
2016-11-14,Category_029,70.0
2016-11-14,Category_030,125902.0
2016-11-14,Category_031,21.0
2016-11-14,Category_032,2260.0
2016-11-14,Category_033,170000.0
2016-11-21,Category_001,9182.0
2016-11-21,Category_003,965.0
2016-11-21,Category_005,679860.0
2016-11-21,Category_006,871730.0
2016-11-21,Category_007,251468.0
2016-11-21,Category_008,50.0
2016-11-21,Category_009,15213.0
2016-11-21,Category_010,521.0
2016-11-21,Category_011,52666.0
2016-11-21,Category_012,252.0
2016-11-21,Category_013,384.0
2016-11-21,Category_015,4505.0
2016-11-21,Category_016,12.0
2016-11-21,Category_017,11.0
2016-11-21,Category_018,203.0
2016-11-21,Category_019,16853998.0
2016-11-21,Category_020,17584.0
2016-11-21,Category_021,16166.0
2016-11-21,Category_022,1003.0
2016-11-21,Category_023,11420.0
2016-11-21,Category_024,7557.0
2016-11-21,Category_026,711.0
2016-11-21,Category_028,109488.0
2016-11-21,Category_029,40.0
2016-11-21,Category_030,112075.0
2016-11-21,Category_031,20.0
2016-11-21,Category_032,25872.0
2016-11-21,Category_033,120000.0
2016-11-28,Category_001,7701.0
2016-11-28,Category_003,2171.0
2016-11-28,Category_005,1325795.0
2016-11-28,Category_006,3633728.0
2016-11-28,Category_007,383647.0
2016-11-28,Category_008,89.0
2016-11-28,Category_009,13996.0
2016-11-28,Category_010,30.0
2016-11-28,Category_011,5037.0
2016-11-28,Category_012,752.0
2016-11-28,Category_013,331.0
2016-11-28,Category_015,3400.0
2016-11-28,Category_016,2.0
2016-11-28,Category_017,28.0
2016-11-28,Category_018,242.0
2016-11-28,Category_019,20153570.0
2016-11-28,Category_020,20000.0
2016-11-28,Category_021,20020.0
2016-11-28,Category_022,1288.0
2016-11-28,Category_023,15181.0
2016-11-28,Category_024,5900.0
2016-11-28,Category_026,1318.0
2016-11-28,Category_027,2.0
2016-11-28,Category_028,164560.0
2016-11-28,Category_029,65.0
2016-11-28,Category_030,292602.0
2016-11-28,Category_031,4.0
2016-11-28,Category_032,8544.0
2016-11-28,Category_033,240000.0
2016-12-05,Category_001,7557.0
2016-12-05,Category_003,527.0
2016-12-05,Category_005,717575.0
2016-12-05,Category_006,2442236.0
2016-12-05,Category_007,228366.0
2016-12-05,Category_008,72.0
2016-12-05,Category_009,5733.0
2016-12-05,Category_010,47.0
2016-12-05,Category_011,17600.0
2016-12-05,Category_012,544.0
2016-12-05,Category_013,424.0
2016-12-05,Category_015,1670.0
2016-12-05,Category_016,46.0
2016-12-05,Category_017,783.0
2016-12-05,Category_018,215.0
2016-12-05,Category_019,17323966.0
2016-12-05,Category_021,16164.0
2016-12-05,Category_022,2567.0
2016-12-05,Category_023,4786.0
2016-12-05,Category_024,2146.0
2016-12-05,Category_026,655.0
2016-12-05,Category_028,129733.0
2016-12-05,Category_029,10.0
2016-12-05,Category_030,89600.0
2016-12-05,Category_031,35.0
2016-12-05,Category_032,12412.0
2016-12-05,Category_033,130000.0
2016-12-12,Category_001,8430.0
2016-12-12,Category_003,920.0
2016-12-12,Category_005,667200.0
2016-12-12,Category_006,947845.0
2016-12-12,Category_007,314232.0
2016-12-12,Category_008,124.0
2016-12-12,Category_009,7588.0
2016-12-12,Category_010,58.0
2016-12-12,Category_011,32516.0
2016-12-12,Category_012,685.0
2016-12-12,Category_013,618.0
2016-12-12,Category_015,1156.0
2016-12-12,Category_017,13.0
2016-12-12,Category_018,274.0
2016-12-12,Category_019,17155229.0
2016-12-12,Category_021,15495.0
2016-12-12,Category_022,823.0
2016-12-12,Category_023,45219.0
2016-12-12,Category_024,714.0
2016-12-12,Category_026,1151.0
2016-12-12,Category_028,94602.0
2016-12-12,Category_030,206825.0
2016-12-12,Category_031,32.0
2016-12-12,Category_032,1422.0
2016-12-12,Category_033,370000.0
2016-12-19,Category_001,12265.0
2016-12-19,Category_003,458.0
2016-12-19,Category_005,701950.0
2016-12-19,Category_006,870803.0
2016-12-19,Category_007,741198.0
2016-12-19,Category_008,41.0
2016-12-19,Category_009,6000.0
2016-12-19,Category_010,13.0
2016-12-19,Category_011,12024.0
2016-12-19,Category_012,236.0
2016-12-19,Category_013,360.0
2016-12-19,Category_014,1.0
2016-12-19,Category_015,1373.0
2016-12-19,Category_017,162.0
2016-12-19,Category_018,137.0
2016-12-19,Category_019,14633075.0
2016-12-19,Category_021,10640.0
2016-12-19,Category_022,245.0
2016-12-19,Category_023,1161.0
2016-12-19,Category_024,5700.0
2016-12-19,Category_026,1088.0
2016-12-19,Category_027,4.0
2016-12-19,Category_028,62418.0
2016-12-19,Category_029,70.0
2016-12-19,Category_030,83078.0
2016-12-19,Category_031,30.0
2016-12-19,Category_032,1778.0
2016-12-19,Category_033,280000.0
2016-12-26,Category_001,10833.0
2016-12-26,Category_003,6.0
2016-12-26,Category_005,852900.0
2016-12-26,Category_006,664712.0
2016-12-26,Category_007,79930.0
2016-12-26,Category_008,2.0
2016-12-26,Category_009,432.0
2016-12-26,Category_011,1523.0
2016-12-26,Category_012,3.0
2016-12-26,Category_013,63.0
2016-12-26,Category_015,37.0
2016-12-26,Category_018,1.0
2016-12-26,Category_019,7056272.0
2016-12-26,Category_020,200.0
2016-12-26,Category_021,6506.0
2016-12-26,Category_022,151.0
2016-12-26,Category_023,8390.0
2016-12-26,Category_024,506.0
2016-12-26,Category_026,238.0
2016-12-26,Category_028,10986.0
2016-12-26,Category_030,236800.0
2016-12-26,Category_032,52012.0
2016-12-26,Category_033,10000.0
